2025-12-02 07:56:24.455 [background-preinit] INFO  o.h.validator.internal.util.Version - traceId= - HV000001: Hibernate Validator 8.0.1.Final
2025-12-02 07:56:24.491 [main] INFO  c.e.h.HexagonalappApplication - traceId= - Starting HexagonalappApplication using Java 17.0.17 with PID 11118 (/home/coders/IdeaProjects/hexagonalapp/target/classes started by coders in /home/coders/IdeaProjects/hexagonalapp)
2025-12-02 07:56:24.492 [main] DEBUG c.e.h.HexagonalappApplication - traceId= - Running with Spring Boot v3.1.6, Spring v6.0.14
2025-12-02 07:56:24.493 [main] INFO  c.e.h.HexagonalappApplication - traceId= - No active profile set, falling back to 1 default profile: "default"
2025-12-02 07:56:24.994 [main] INFO  o.s.d.r.c.RepositoryConfigurationDelegate - traceId= - Bootstrapping Spring Data JPA repositories in DEFAULT mode.
2025-12-02 07:56:25.035 [main] INFO  o.s.d.r.c.RepositoryConfigurationDelegate - traceId= - Finished Spring Data repository scanning in 36 ms. Found 1 JPA repository interface.
2025-12-02 07:56:25.446 [main] INFO  o.s.b.w.e.tomcat.TomcatWebServer - traceId= - Tomcat initialized with port(s): 8080 (http)
2025-12-02 07:56:25.453 [main] INFO  o.a.coyote.http11.Http11NioProtocol - traceId= - Initializing ProtocolHandler ["http-nio-8080"]
2025-12-02 07:56:25.455 [main] INFO  o.a.catalina.core.StandardService - traceId= - Starting service [Tomcat]
2025-12-02 07:56:25.456 [main] INFO  o.a.catalina.core.StandardEngine - traceId= - Starting Servlet engine: [Apache Tomcat/10.1.16]
2025-12-02 07:56:25.533 [main] INFO  o.a.c.c.C.[Tomcat].[localhost].[/] - traceId= - Initializing Spring embedded WebApplicationContext
2025-12-02 07:56:25.534 [main] INFO  o.s.b.w.s.c.ServletWebServerApplicationContext - traceId= - Root WebApplicationContext: initialization completed in 1003 ms
2025-12-02 07:56:25.560 [main] INFO  com.zaxxer.hikari.HikariDataSource - traceId= - HikariPool-1 - Starting...
2025-12-02 07:56:25.682 [main] INFO  com.zaxxer.hikari.pool.HikariPool - traceId= - HikariPool-1 - Added connection conn0: url=jdbc:h2:mem:hexagonaldb user=SA
2025-12-02 07:56:25.684 [main] INFO  com.zaxxer.hikari.HikariDataSource - traceId= - HikariPool-1 - Start completed.
2025-12-02 07:56:25.695 [main] INFO  o.s.b.a.h.H2ConsoleAutoConfiguration - traceId= - H2 console available at '/h2-console'. Database available at 'jdbc:h2:mem:hexagonaldb'
2025-12-02 07:56:25.718 [main] ERROR o.s.b.w.e.tomcat.TomcatStarter - traceId= - Error starting Tomcat context. Exception: org.springframework.beans.factory.UnsatisfiedDependencyException. Message: Error creating bean with name 'jwtAuthenticationFilter' defined in file [/home/coders/IdeaProjects/hexagonalapp/target/classes/com/example/hexagonalapp/infrastructure/config/JwtAuthenticationFilter.class]: Unsatisfied dependency expressed through constructor parameter 0: Error creating bean with name 'jwtService': Unsatisfied dependency expressed through field 'jwtExpiration': Failed to convert value of type 'java.lang.String' to required type 'long'; For input string: "86400000#24horasenmilisegundos"
2025-12-02 07:56:25.736 [main] INFO  o.a.catalina.core.StandardService - traceId= - Stopping service [Tomcat]
2025-12-02 07:56:25.739 [main] WARN  o.s.b.w.s.c.AnnotationConfigServletWebServerApplicationContext - traceId= - Exception encountered during context initialization - cancelling refresh attempt: org.springframework.context.ApplicationContextException: Unable to start web server
2025-12-02 07:56:25.739 [main] INFO  com.zaxxer.hikari.HikariDataSource - traceId= - HikariPool-1 - Shutdown initiated...
2025-12-02 07:56:25.741 [main] INFO  com.zaxxer.hikari.HikariDataSource - traceId= - HikariPool-1 - Shutdown completed.
2025-12-02 07:56:25.750 [main] INFO  o.s.b.a.l.ConditionEvaluationReportLogger - traceId= - 

Error starting ApplicationContext. To display the condition evaluation report re-run your application with 'debug' enabled.
2025-12-02 07:56:25.760 [main] ERROR o.s.boot.SpringApplication - traceId= - Application run failed
org.springframework.context.ApplicationContextException: Unable to start web server
	at org.springframework.boot.web.servlet.context.ServletWebServerApplicationContext.onRefresh(ServletWebServerApplicationContext.java:164)
	at org.springframework.context.support.AbstractApplicationContext.refresh(AbstractApplicationContext.java:610)
	at org.springframework.boot.web.servlet.context.ServletWebServerApplicationContext.refresh(ServletWebServerApplicationContext.java:146)
	at org.springframework.boot.SpringApplication.refresh(SpringApplication.java:738)
	at org.springframework.boot.SpringApplication.refreshContext(SpringApplication.java:440)
	at org.springframework.boot.SpringApplication.run(SpringApplication.java:316)
	at org.springframework.boot.SpringApplication.run(SpringApplication.java:1306)
	at org.springframework.boot.SpringApplication.run(SpringApplication.java:1295)
	at com.example.hexagonalapp.HexagonalappApplication.main(HexagonalappApplication.java:10)
Caused by: org.springframework.boot.web.server.WebServerException: Unable to start embedded Tomcat
	at org.springframework.boot.web.embedded.tomcat.TomcatWebServer.initialize(TomcatWebServer.java:142)
	at org.springframework.boot.web.embedded.tomcat.TomcatWebServer.<init>(TomcatWebServer.java:104)
	at org.springframework.boot.web.embedded.tomcat.TomcatServletWebServerFactory.getTomcatWebServer(TomcatServletWebServerFactory.java:489)
	at org.springframework.boot.web.embedded.tomcat.TomcatServletWebServerFactory.getWebServer(TomcatServletWebServerFactory.java:211)
	at org.springframework.boot.web.servlet.context.ServletWebServerApplicationContext.createWebServer(ServletWebServerApplicationContext.java:183)
	at org.springframework.boot.web.servlet.context.ServletWebServerApplicationContext.onRefresh(ServletWebServerApplicationContext.java:161)
	... 8 common frames omitted
Caused by: org.springframework.beans.factory.UnsatisfiedDependencyException: Error creating bean with name 'jwtAuthenticationFilter' defined in file [/home/coders/IdeaProjects/hexagonalapp/target/classes/com/example/hexagonalapp/infrastructure/config/JwtAuthenticationFilter.class]: Unsatisfied dependency expressed through constructor parameter 0: Error creating bean with name 'jwtService': Unsatisfied dependency expressed through field 'jwtExpiration': Failed to convert value of type 'java.lang.String' to required type 'long'; For input string: "86400000#24horasenmilisegundos"
	at org.springframework.beans.factory.support.ConstructorResolver.createArgumentArray(ConstructorResolver.java:801)
	at org.springframework.beans.factory.support.ConstructorResolver.autowireConstructor(ConstructorResolver.java:240)
	at org.springframework.beans.factory.support.AbstractAutowireCapableBeanFactory.autowireConstructor(AbstractAutowireCapableBeanFactory.java:1352)
	at org.springframework.beans.factory.support.AbstractAutowireCapableBeanFactory.createBeanInstance(AbstractAutowireCapableBeanFactory.java:1189)
	at org.springframework.beans.factory.support.AbstractAutowireCapableBeanFactory.doCreateBean(AbstractAutowireCapableBeanFactory.java:560)
	at org.springframework.beans.factory.support.AbstractAutowireCapableBeanFactory.createBean(AbstractAutowireCapableBeanFactory.java:520)
	at org.springframework.beans.factory.support.AbstractBeanFactory.lambda$doGetBean$0(AbstractBeanFactory.java:325)
	at org.springframework.beans.factory.support.DefaultSingletonBeanRegistry.getSingleton(DefaultSingletonBeanRegistry.java:234)
	at org.springframework.beans.factory.support.AbstractBeanFactory.doGetBean(AbstractBeanFactory.java:323)
	at org.springframework.beans.factory.support.AbstractBeanFactory.getBean(AbstractBeanFactory.java:204)
	at org.springframework.boot.web.servlet.ServletContextInitializerBeans.getOrderedBeansOfType(ServletContextInitializerBeans.java:210)
	at org.springframework.boot.web.servlet.ServletContextInitializerBeans.addAsRegistrationBean(ServletContextInitializerBeans.java:173)
	at org.springframework.boot.web.servlet.ServletContextInitializerBeans.addAsRegistrationBean(ServletContextInitializerBeans.java:168)
	at org.springframework.boot.web.servlet.ServletContextInitializerBeans.addAdaptableBeans(ServletContextInitializerBeans.java:153)
	at org.springframework.boot.web.servlet.ServletContextInitializerBeans.<init>(ServletContextInitializerBeans.java:86)
	at org.springframework.boot.web.servlet.context.ServletWebServerApplicationContext.getServletContextInitializerBeans(ServletWebServerApplicationContext.java:261)
	at org.springframework.boot.web.servlet.context.ServletWebServerApplicationContext.selfInitialize(ServletWebServerApplicationContext.java:235)
	at org.springframework.boot.web.embedded.tomcat.TomcatStarter.onStartup(TomcatStarter.java:52)
	at org.apache.catalina.core.StandardContext.startInternal(StandardContext.java:4850)
	at org.apache.catalina.util.LifecycleBase.start(LifecycleBase.java:171)
	at org.apache.catalina.core.ContainerBase$StartChild.call(ContainerBase.java:1332)
	at org.apache.catalina.core.ContainerBase$StartChild.call(ContainerBase.java:1322)
	at java.base/java.util.concurrent.FutureTask.run(FutureTask.java:264)
	at org.apache.tomcat.util.threads.InlineExecutorService.execute(InlineExecutorService.java:75)
	at java.base/java.util.concurrent.AbstractExecutorService.submit(AbstractExecutorService.java:145)
	at org.apache.catalina.core.ContainerBase.startInternal(ContainerBase.java:866)
	at org.apache.catalina.core.StandardHost.startInternal(StandardHost.java:845)
	at org.apache.catalina.util.LifecycleBase.start(LifecycleBase.java:171)
	at org.apache.catalina.core.ContainerBase$StartChild.call(ContainerBase.java:1332)
	at org.apache.catalina.core.ContainerBase$StartChild.call(ContainerBase.java:1322)
	at java.base/java.util.concurrent.FutureTask.run(FutureTask.java:264)
	at org.apache.tomcat.util.threads.InlineExecutorService.execute(InlineExecutorService.java:75)
	at java.base/java.util.concurrent.AbstractExecutorService.submit(AbstractExecutorService.java:145)
	at org.apache.catalina.core.ContainerBase.startInternal(ContainerBase.java:866)
	at org.apache.catalina.core.StandardEngine.startInternal(StandardEngine.java:240)
	at org.apache.catalina.util.LifecycleBase.start(LifecycleBase.java:171)
	at org.apache.catalina.core.StandardService.startInternal(StandardService.java:433)
	at org.apache.catalina.util.LifecycleBase.start(LifecycleBase.java:171)
	at org.apache.catalina.core.StandardServer.startInternal(StandardServer.java:917)
	at org.apache.catalina.util.LifecycleBase.start(LifecycleBase.java:171)
	at org.apache.catalina.startup.Tomcat.start(Tomcat.java:488)
	at org.springframework.boot.web.embedded.tomcat.TomcatWebServer.initialize(TomcatWebServer.java:123)
	... 13 common frames omitted
Caused by: org.springframework.beans.factory.UnsatisfiedDependencyException: Error creating bean with name 'jwtService': Unsatisfied dependency expressed through field 'jwtExpiration': Failed to convert value of type 'java.lang.String' to required type 'long'; For input string: "86400000#24horasenmilisegundos"
	at org.springframework.beans.factory.annotation.AutowiredAnnotationBeanPostProcessor$AutowiredFieldElement.resolveFieldValue(AutowiredAnnotationBeanPostProcessor.java:771)
	at org.springframework.beans.factory.annotation.AutowiredAnnotationBeanPostProcessor$AutowiredFieldElement.inject(AutowiredAnnotationBeanPostProcessor.java:751)
	at org.springframework.beans.factory.annotation.InjectionMetadata.inject(InjectionMetadata.java:145)
	at org.springframework.beans.factory.annotation.AutowiredAnnotationBeanPostProcessor.postProcessProperties(AutowiredAnnotationBeanPostProcessor.java:492)
	at org.springframework.beans.factory.support.AbstractAutowireCapableBeanFactory.populateBean(AbstractAutowireCapableBeanFactory.java:1416)
	at org.springframework.beans.factory.support.AbstractAutowireCapableBeanFactory.doCreateBean(AbstractAutowireCapableBeanFactory.java:597)
	at org.springframework.beans.factory.support.AbstractAutowireCapableBeanFactory.createBean(AbstractAutowireCapableBeanFactory.java:520)
	at org.springframework.beans.factory.support.AbstractBeanFactory.lambda$doGetBean$0(AbstractBeanFactory.java:325)
	at org.springframework.beans.factory.support.DefaultSingletonBeanRegistry.getSingleton(DefaultSingletonBeanRegistry.java:234)
	at org.springframework.beans.factory.support.AbstractBeanFactory.doGetBean(AbstractBeanFactory.java:323)
	at org.springframework.beans.factory.support.AbstractBeanFactory.getBean(AbstractBeanFactory.java:199)
	at org.springframework.beans.factory.config.DependencyDescriptor.resolveCandidate(DependencyDescriptor.java:254)
	at org.springframework.beans.factory.support.DefaultListableBeanFactory.doResolveDependency(DefaultListableBeanFactory.java:1417)
	at org.springframework.beans.factory.support.DefaultListableBeanFactory.resolveDependency(DefaultListableBeanFactory.java:1337)
	at org.springframework.beans.factory.support.ConstructorResolver.resolveAutowiredArgument(ConstructorResolver.java:910)
	at org.springframework.beans.factory.support.ConstructorResolver.createArgumentArray(ConstructorResolver.java:788)
	... 54 common frames omitted
Caused by: org.springframework.beans.TypeMismatchException: Failed to convert value of type 'java.lang.String' to required type 'long'; For input string: "86400000#24horasenmilisegundos"
	at org.springframework.beans.TypeConverterSupport.convertIfNecessary(TypeConverterSupport.java:79)
	at org.springframework.beans.factory.support.DefaultListableBeanFactory.doResolveDependency(DefaultListableBeanFactory.java:1365)
	at org.springframework.beans.factory.support.DefaultListableBeanFactory.resolveDependency(DefaultListableBeanFactory.java:1337)
	at org.springframework.beans.factory.annotation.AutowiredAnnotationBeanPostProcessor$AutowiredFieldElement.resolveFieldValue(AutowiredAnnotationBeanPostProcessor.java:768)
	... 69 common frames omitted
Caused by: java.lang.NumberFormatException: For input string: "86400000#24horasenmilisegundos"
	at java.base/java.lang.NumberFormatException.forInputString(NumberFormatException.java:67)
	at java.base/java.lang.Long.parseLong(Long.java:711)
	at java.base/java.lang.Long.valueOf(Long.java:1163)
	at org.springframework.util.NumberUtils.parseNumber(NumberUtils.java:206)
	at org.springframework.beans.propertyeditors.CustomNumberEditor.setAsText(CustomNumberEditor.java:115)
	at org.springframework.beans.TypeConverterDelegate.doConvertTextValue(TypeConverterDelegate.java:426)
	at org.springframework.beans.TypeConverterDelegate.doConvertValue(TypeConverterDelegate.java:399)
	at org.springframework.beans.TypeConverterDelegate.convertIfNecessary(TypeConverterDelegate.java:155)
	at org.springframework.beans.TypeConverterSupport.convertIfNecessary(TypeConverterSupport.java:73)
	... 72 common frames omitted
2025-12-02 07:56:33.208 [background-preinit] INFO  o.h.validator.internal.util.Version - traceId= - HV000001: Hibernate Validator 8.0.1.Final
2025-12-02 07:56:33.236 [main] INFO  c.e.h.HexagonalappApplication - traceId= - Starting HexagonalappApplication using Java 17.0.17 with PID 11199 (/home/coders/IdeaProjects/hexagonalapp/target/classes started by coders in /home/coders/IdeaProjects/hexagonalapp)
2025-12-02 07:56:33.236 [main] DEBUG c.e.h.HexagonalappApplication - traceId= - Running with Spring Boot v3.1.6, Spring v6.0.14
2025-12-02 07:56:33.236 [main] INFO  c.e.h.HexagonalappApplication - traceId= - No active profile set, falling back to 1 default profile: "default"
2025-12-02 07:56:33.723 [main] INFO  o.s.d.r.c.RepositoryConfigurationDelegate - traceId= - Bootstrapping Spring Data JPA repositories in DEFAULT mode.
2025-12-02 07:56:33.765 [main] INFO  o.s.d.r.c.RepositoryConfigurationDelegate - traceId= - Finished Spring Data repository scanning in 37 ms. Found 1 JPA repository interface.
2025-12-02 07:56:34.147 [main] INFO  o.s.b.w.e.tomcat.TomcatWebServer - traceId= - Tomcat initialized with port(s): 8080 (http)
2025-12-02 07:56:34.153 [main] INFO  o.a.coyote.http11.Http11NioProtocol - traceId= - Initializing ProtocolHandler ["http-nio-8080"]
2025-12-02 07:56:34.154 [main] INFO  o.a.catalina.core.StandardService - traceId= - Starting service [Tomcat]
2025-12-02 07:56:34.155 [main] INFO  o.a.catalina.core.StandardEngine - traceId= - Starting Servlet engine: [Apache Tomcat/10.1.16]
2025-12-02 07:56:34.214 [main] INFO  o.a.c.c.C.[Tomcat].[localhost].[/] - traceId= - Initializing Spring embedded WebApplicationContext
2025-12-02 07:56:34.215 [main] INFO  o.s.b.w.s.c.ServletWebServerApplicationContext - traceId= - Root WebApplicationContext: initialization completed in 951 ms
2025-12-02 07:56:34.242 [main] INFO  com.zaxxer.hikari.HikariDataSource - traceId= - HikariPool-1 - Starting...
2025-12-02 07:56:34.357 [main] INFO  com.zaxxer.hikari.pool.HikariPool - traceId= - HikariPool-1 - Added connection conn0: url=jdbc:h2:mem:hexagonaldb user=SA
2025-12-02 07:56:34.358 [main] INFO  com.zaxxer.hikari.HikariDataSource - traceId= - HikariPool-1 - Start completed.
2025-12-02 07:56:34.367 [main] INFO  o.s.b.a.h.H2ConsoleAutoConfiguration - traceId= - H2 console available at '/h2-console'. Database available at 'jdbc:h2:mem:hexagonaldb'
2025-12-02 07:56:34.386 [main] ERROR o.s.b.w.e.tomcat.TomcatStarter - traceId= - Error starting Tomcat context. Exception: org.springframework.beans.factory.UnsatisfiedDependencyException. Message: Error creating bean with name 'jwtAuthenticationFilter' defined in file [/home/coders/IdeaProjects/hexagonalapp/target/classes/com/example/hexagonalapp/infrastructure/config/JwtAuthenticationFilter.class]: Unsatisfied dependency expressed through constructor parameter 0: Error creating bean with name 'jwtService': Unsatisfied dependency expressed through field 'jwtExpiration': Failed to convert value of type 'java.lang.String' to required type 'long'; For input string: "86400000#24horasenmilisegundos"
2025-12-02 07:56:34.403 [main] INFO  o.a.catalina.core.StandardService - traceId= - Stopping service [Tomcat]
2025-12-02 07:56:34.406 [main] WARN  o.s.b.w.s.c.AnnotationConfigServletWebServerApplicationContext - traceId= - Exception encountered during context initialization - cancelling refresh attempt: org.springframework.context.ApplicationContextException: Unable to start web server
2025-12-02 07:56:34.406 [main] INFO  com.zaxxer.hikari.HikariDataSource - traceId= - HikariPool-1 - Shutdown initiated...
2025-12-02 07:56:34.408 [main] INFO  com.zaxxer.hikari.HikariDataSource - traceId= - HikariPool-1 - Shutdown completed.
2025-12-02 07:56:34.416 [main] INFO  o.s.b.a.l.ConditionEvaluationReportLogger - traceId= - 

Error starting ApplicationContext. To display the condition evaluation report re-run your application with 'debug' enabled.
2025-12-02 07:56:34.426 [main] ERROR o.s.boot.SpringApplication - traceId= - Application run failed
org.springframework.context.ApplicationContextException: Unable to start web server
	at org.springframework.boot.web.servlet.context.ServletWebServerApplicationContext.onRefresh(ServletWebServerApplicationContext.java:164)
	at org.springframework.context.support.AbstractApplicationContext.refresh(AbstractApplicationContext.java:610)
	at org.springframework.boot.web.servlet.context.ServletWebServerApplicationContext.refresh(ServletWebServerApplicationContext.java:146)
	at org.springframework.boot.SpringApplication.refresh(SpringApplication.java:738)
	at org.springframework.boot.SpringApplication.refreshContext(SpringApplication.java:440)
	at org.springframework.boot.SpringApplication.run(SpringApplication.java:316)
	at org.springframework.boot.SpringApplication.run(SpringApplication.java:1306)
	at org.springframework.boot.SpringApplication.run(SpringApplication.java:1295)
	at com.example.hexagonalapp.HexagonalappApplication.main(HexagonalappApplication.java:10)
Caused by: org.springframework.boot.web.server.WebServerException: Unable to start embedded Tomcat
	at org.springframework.boot.web.embedded.tomcat.TomcatWebServer.initialize(TomcatWebServer.java:142)
	at org.springframework.boot.web.embedded.tomcat.TomcatWebServer.<init>(TomcatWebServer.java:104)
	at org.springframework.boot.web.embedded.tomcat.TomcatServletWebServerFactory.getTomcatWebServer(TomcatServletWebServerFactory.java:489)
	at org.springframework.boot.web.embedded.tomcat.TomcatServletWebServerFactory.getWebServer(TomcatServletWebServerFactory.java:211)
	at org.springframework.boot.web.servlet.context.ServletWebServerApplicationContext.createWebServer(ServletWebServerApplicationContext.java:183)
	at org.springframework.boot.web.servlet.context.ServletWebServerApplicationContext.onRefresh(ServletWebServerApplicationContext.java:161)
	... 8 common frames omitted
Caused by: org.springframework.beans.factory.UnsatisfiedDependencyException: Error creating bean with name 'jwtAuthenticationFilter' defined in file [/home/coders/IdeaProjects/hexagonalapp/target/classes/com/example/hexagonalapp/infrastructure/config/JwtAuthenticationFilter.class]: Unsatisfied dependency expressed through constructor parameter 0: Error creating bean with name 'jwtService': Unsatisfied dependency expressed through field 'jwtExpiration': Failed to convert value of type 'java.lang.String' to required type 'long'; For input string: "86400000#24horasenmilisegundos"
	at org.springframework.beans.factory.support.ConstructorResolver.createArgumentArray(ConstructorResolver.java:801)
	at org.springframework.beans.factory.support.ConstructorResolver.autowireConstructor(ConstructorResolver.java:240)
	at org.springframework.beans.factory.support.AbstractAutowireCapableBeanFactory.autowireConstructor(AbstractAutowireCapableBeanFactory.java:1352)
	at org.springframework.beans.factory.support.AbstractAutowireCapableBeanFactory.createBeanInstance(AbstractAutowireCapableBeanFactory.java:1189)
	at org.springframework.beans.factory.support.AbstractAutowireCapableBeanFactory.doCreateBean(AbstractAutowireCapableBeanFactory.java:560)
	at org.springframework.beans.factory.support.AbstractAutowireCapableBeanFactory.createBean(AbstractAutowireCapableBeanFactory.java:520)
	at org.springframework.beans.factory.support.AbstractBeanFactory.lambda$doGetBean$0(AbstractBeanFactory.java:325)
	at org.springframework.beans.factory.support.DefaultSingletonBeanRegistry.getSingleton(DefaultSingletonBeanRegistry.java:234)
	at org.springframework.beans.factory.support.AbstractBeanFactory.doGetBean(AbstractBeanFactory.java:323)
	at org.springframework.beans.factory.support.AbstractBeanFactory.getBean(AbstractBeanFactory.java:204)
	at org.springframework.boot.web.servlet.ServletContextInitializerBeans.getOrderedBeansOfType(ServletContextInitializerBeans.java:210)
	at org.springframework.boot.web.servlet.ServletContextInitializerBeans.addAsRegistrationBean(ServletContextInitializerBeans.java:173)
	at org.springframework.boot.web.servlet.ServletContextInitializerBeans.addAsRegistrationBean(ServletContextInitializerBeans.java:168)
	at org.springframework.boot.web.servlet.ServletContextInitializerBeans.addAdaptableBeans(ServletContextInitializerBeans.java:153)
	at org.springframework.boot.web.servlet.ServletContextInitializerBeans.<init>(ServletContextInitializerBeans.java:86)
	at org.springframework.boot.web.servlet.context.ServletWebServerApplicationContext.getServletContextInitializerBeans(ServletWebServerApplicationContext.java:261)
	at org.springframework.boot.web.servlet.context.ServletWebServerApplicationContext.selfInitialize(ServletWebServerApplicationContext.java:235)
	at org.springframework.boot.web.embedded.tomcat.TomcatStarter.onStartup(TomcatStarter.java:52)
	at org.apache.catalina.core.StandardContext.startInternal(StandardContext.java:4850)
	at org.apache.catalina.util.LifecycleBase.start(LifecycleBase.java:171)
	at org.apache.catalina.core.ContainerBase$StartChild.call(ContainerBase.java:1332)
	at org.apache.catalina.core.ContainerBase$StartChild.call(ContainerBase.java:1322)
	at java.base/java.util.concurrent.FutureTask.run(FutureTask.java:264)
	at org.apache.tomcat.util.threads.InlineExecutorService.execute(InlineExecutorService.java:75)
	at java.base/java.util.concurrent.AbstractExecutorService.submit(AbstractExecutorService.java:145)
	at org.apache.catalina.core.ContainerBase.startInternal(ContainerBase.java:866)
	at org.apache.catalina.core.StandardHost.startInternal(StandardHost.java:845)
	at org.apache.catalina.util.LifecycleBase.start(LifecycleBase.java:171)
	at org.apache.catalina.core.ContainerBase$StartChild.call(ContainerBase.java:1332)
	at org.apache.catalina.core.ContainerBase$StartChild.call(ContainerBase.java:1322)
	at java.base/java.util.concurrent.FutureTask.run(FutureTask.java:264)
	at org.apache.tomcat.util.threads.InlineExecutorService.execute(InlineExecutorService.java:75)
	at java.base/java.util.concurrent.AbstractExecutorService.submit(AbstractExecutorService.java:145)
	at org.apache.catalina.core.ContainerBase.startInternal(ContainerBase.java:866)
	at org.apache.catalina.core.StandardEngine.startInternal(StandardEngine.java:240)
	at org.apache.catalina.util.LifecycleBase.start(LifecycleBase.java:171)
	at org.apache.catalina.core.StandardService.startInternal(StandardService.java:433)
	at org.apache.catalina.util.LifecycleBase.start(LifecycleBase.java:171)
	at org.apache.catalina.core.StandardServer.startInternal(StandardServer.java:917)
	at org.apache.catalina.util.LifecycleBase.start(LifecycleBase.java:171)
	at org.apache.catalina.startup.Tomcat.start(Tomcat.java:488)
	at org.springframework.boot.web.embedded.tomcat.TomcatWebServer.initialize(TomcatWebServer.java:123)
	... 13 common frames omitted
Caused by: org.springframework.beans.factory.UnsatisfiedDependencyException: Error creating bean with name 'jwtService': Unsatisfied dependency expressed through field 'jwtExpiration': Failed to convert value of type 'java.lang.String' to required type 'long'; For input string: "86400000#24horasenmilisegundos"
	at org.springframework.beans.factory.annotation.AutowiredAnnotationBeanPostProcessor$AutowiredFieldElement.resolveFieldValue(AutowiredAnnotationBeanPostProcessor.java:771)
	at org.springframework.beans.factory.annotation.AutowiredAnnotationBeanPostProcessor$AutowiredFieldElement.inject(AutowiredAnnotationBeanPostProcessor.java:751)
	at org.springframework.beans.factory.annotation.InjectionMetadata.inject(InjectionMetadata.java:145)
	at org.springframework.beans.factory.annotation.AutowiredAnnotationBeanPostProcessor.postProcessProperties(AutowiredAnnotationBeanPostProcessor.java:492)
	at org.springframework.beans.factory.support.AbstractAutowireCapableBeanFactory.populateBean(AbstractAutowireCapableBeanFactory.java:1416)
	at org.springframework.beans.factory.support.AbstractAutowireCapableBeanFactory.doCreateBean(AbstractAutowireCapableBeanFactory.java:597)
	at org.springframework.beans.factory.support.AbstractAutowireCapableBeanFactory.createBean(AbstractAutowireCapableBeanFactory.java:520)
	at org.springframework.beans.factory.support.AbstractBeanFactory.lambda$doGetBean$0(AbstractBeanFactory.java:325)
	at org.springframework.beans.factory.support.DefaultSingletonBeanRegistry.getSingleton(DefaultSingletonBeanRegistry.java:234)
	at org.springframework.beans.factory.support.AbstractBeanFactory.doGetBean(AbstractBeanFactory.java:323)
	at org.springframework.beans.factory.support.AbstractBeanFactory.getBean(AbstractBeanFactory.java:199)
	at org.springframework.beans.factory.config.DependencyDescriptor.resolveCandidate(DependencyDescriptor.java:254)
	at org.springframework.beans.factory.support.DefaultListableBeanFactory.doResolveDependency(DefaultListableBeanFactory.java:1417)
	at org.springframework.beans.factory.support.DefaultListableBeanFactory.resolveDependency(DefaultListableBeanFactory.java:1337)
	at org.springframework.beans.factory.support.ConstructorResolver.resolveAutowiredArgument(ConstructorResolver.java:910)
	at org.springframework.beans.factory.support.ConstructorResolver.createArgumentArray(ConstructorResolver.java:788)
	... 54 common frames omitted
Caused by: org.springframework.beans.TypeMismatchException: Failed to convert value of type 'java.lang.String' to required type 'long'; For input string: "86400000#24horasenmilisegundos"
	at org.springframework.beans.TypeConverterSupport.convertIfNecessary(TypeConverterSupport.java:79)
	at org.springframework.beans.factory.support.DefaultListableBeanFactory.doResolveDependency(DefaultListableBeanFactory.java:1365)
	at org.springframework.beans.factory.support.DefaultListableBeanFactory.resolveDependency(DefaultListableBeanFactory.java:1337)
	at org.springframework.beans.factory.annotation.AutowiredAnnotationBeanPostProcessor$AutowiredFieldElement.resolveFieldValue(AutowiredAnnotationBeanPostProcessor.java:768)
	... 69 common frames omitted
Caused by: java.lang.NumberFormatException: For input string: "86400000#24horasenmilisegundos"
	at java.base/java.lang.NumberFormatException.forInputString(NumberFormatException.java:67)
	at java.base/java.lang.Long.parseLong(Long.java:711)
	at java.base/java.lang.Long.valueOf(Long.java:1163)
	at org.springframework.util.NumberUtils.parseNumber(NumberUtils.java:206)
	at org.springframework.beans.propertyeditors.CustomNumberEditor.setAsText(CustomNumberEditor.java:115)
	at org.springframework.beans.TypeConverterDelegate.doConvertTextValue(TypeConverterDelegate.java:426)
	at org.springframework.beans.TypeConverterDelegate.doConvertValue(TypeConverterDelegate.java:399)
	at org.springframework.beans.TypeConverterDelegate.convertIfNecessary(TypeConverterDelegate.java:155)
	at org.springframework.beans.TypeConverterSupport.convertIfNecessary(TypeConverterSupport.java:73)
	... 72 common frames omitted
2025-12-02 07:58:46.216 [background-preinit] INFO  o.h.validator.internal.util.Version - traceId= - HV000001: Hibernate Validator 8.0.1.Final
2025-12-02 07:58:46.242 [main] INFO  c.e.h.HexagonalappApplication - traceId= - Starting HexagonalappApplication using Java 17.0.17 with PID 11308 (/home/coders/IdeaProjects/hexagonalapp/target/classes started by coders in /home/coders/IdeaProjects/hexagonalapp)
2025-12-02 07:58:46.243 [main] DEBUG c.e.h.HexagonalappApplication - traceId= - Running with Spring Boot v3.1.6, Spring v6.0.14
2025-12-02 07:58:46.243 [main] INFO  c.e.h.HexagonalappApplication - traceId= - No active profile set, falling back to 1 default profile: "default"
2025-12-02 07:58:46.722 [main] INFO  o.s.d.r.c.RepositoryConfigurationDelegate - traceId= - Bootstrapping Spring Data JPA repositories in DEFAULT mode.
2025-12-02 07:58:46.767 [main] INFO  o.s.d.r.c.RepositoryConfigurationDelegate - traceId= - Finished Spring Data repository scanning in 40 ms. Found 1 JPA repository interface.
2025-12-02 07:58:47.157 [main] INFO  o.s.b.w.e.tomcat.TomcatWebServer - traceId= - Tomcat initialized with port(s): 8080 (http)
2025-12-02 07:58:47.163 [main] INFO  o.a.coyote.http11.Http11NioProtocol - traceId= - Initializing ProtocolHandler ["http-nio-8080"]
2025-12-02 07:58:47.164 [main] INFO  o.a.catalina.core.StandardService - traceId= - Starting service [Tomcat]
2025-12-02 07:58:47.164 [main] INFO  o.a.catalina.core.StandardEngine - traceId= - Starting Servlet engine: [Apache Tomcat/10.1.16]
2025-12-02 07:58:47.223 [main] INFO  o.a.c.c.C.[Tomcat].[localhost].[/] - traceId= - Initializing Spring embedded WebApplicationContext
2025-12-02 07:58:47.224 [main] INFO  o.s.b.w.s.c.ServletWebServerApplicationContext - traceId= - Root WebApplicationContext: initialization completed in 946 ms
2025-12-02 07:58:47.256 [main] INFO  com.zaxxer.hikari.HikariDataSource - traceId= - HikariPool-1 - Starting...
2025-12-02 07:58:47.375 [main] INFO  com.zaxxer.hikari.pool.HikariPool - traceId= - HikariPool-1 - Added connection conn0: url=jdbc:h2:mem:hexagonaldb user=SA
2025-12-02 07:58:47.376 [main] INFO  com.zaxxer.hikari.HikariDataSource - traceId= - HikariPool-1 - Start completed.
2025-12-02 07:58:47.384 [main] INFO  o.s.b.a.h.H2ConsoleAutoConfiguration - traceId= - H2 console available at '/h2-console'. Database available at 'jdbc:h2:mem:hexagonaldb'
2025-12-02 07:58:47.447 [main] DEBUG c.e.h.i.c.JwtAuthenticationFilter - traceId= - Filter 'jwtAuthenticationFilter' configured for use
2025-12-02 07:58:47.515 [main] INFO  o.h.jpa.internal.util.LogHelper - traceId= - HHH000204: Processing PersistenceUnitInfo [name: default]
2025-12-02 07:58:47.543 [main] INFO  org.hibernate.Version - traceId= - HHH000412: Hibernate ORM core version 6.2.13.Final
2025-12-02 07:58:47.545 [main] INFO  org.hibernate.cfg.Environment - traceId= - HHH000406: Using bytecode reflection optimizer
2025-12-02 07:58:47.728 [main] INFO  o.s.o.j.p.SpringPersistenceUnitInfo - traceId= - No LoadTimeWeaver setup: ignoring JPA class transformer
2025-12-02 07:58:47.775 [main] WARN  org.hibernate.orm.deprecation - traceId= - HHH90000025: H2Dialect does not need to be specified explicitly using 'hibernate.dialect' (remove the property setting and it will be selected by default)
2025-12-02 07:58:48.297 [main] INFO  o.h.e.t.j.p.i.JtaPlatformInitiator - traceId= - HHH000489: No JTA platform available (set 'hibernate.transaction.jta.platform' to enable JTA platform integration)
2025-12-02 07:58:48.319 [main] ERROR o.s.o.j.LocalContainerEntityManagerFactoryBean - traceId= - Failed to initialize JPA EntityManagerFactory: [PersistenceUnit: default] Unable to build Hibernate SessionFactory; nested exception is org.hibernate.tool.schema.spi.SchemaManagementException: Schema-validation: missing table [categories]
2025-12-02 07:58:48.320 [main] WARN  o.s.b.w.s.c.AnnotationConfigServletWebServerApplicationContext - traceId= - Exception encountered during context initialization - cancelling refresh attempt: org.springframework.beans.factory.BeanCreationException: Error creating bean with name 'entityManagerFactory' defined in class path resource [org/springframework/boot/autoconfigure/orm/jpa/HibernateJpaConfiguration.class]: [PersistenceUnit: default] Unable to build Hibernate SessionFactory; nested exception is org.hibernate.tool.schema.spi.SchemaManagementException: Schema-validation: missing table [categories]
2025-12-02 07:58:48.320 [main] INFO  com.zaxxer.hikari.HikariDataSource - traceId= - HikariPool-1 - Shutdown initiated...
2025-12-02 07:58:48.321 [main] INFO  com.zaxxer.hikari.HikariDataSource - traceId= - HikariPool-1 - Shutdown completed.
2025-12-02 07:58:48.322 [main] INFO  o.a.catalina.core.StandardService - traceId= - Stopping service [Tomcat]
2025-12-02 07:58:48.329 [main] INFO  o.s.b.a.l.ConditionEvaluationReportLogger - traceId= - 

Error starting ApplicationContext. To display the condition evaluation report re-run your application with 'debug' enabled.
2025-12-02 07:58:48.337 [main] ERROR o.s.boot.SpringApplication - traceId= - Application run failed
org.springframework.beans.factory.BeanCreationException: Error creating bean with name 'entityManagerFactory' defined in class path resource [org/springframework/boot/autoconfigure/orm/jpa/HibernateJpaConfiguration.class]: [PersistenceUnit: default] Unable to build Hibernate SessionFactory; nested exception is org.hibernate.tool.schema.spi.SchemaManagementException: Schema-validation: missing table [categories]
	at org.springframework.beans.factory.support.AbstractAutowireCapableBeanFactory.initializeBean(AbstractAutowireCapableBeanFactory.java:1770)
	at org.springframework.beans.factory.support.AbstractAutowireCapableBeanFactory.doCreateBean(AbstractAutowireCapableBeanFactory.java:598)
	at org.springframework.beans.factory.support.AbstractAutowireCapableBeanFactory.createBean(AbstractAutowireCapableBeanFactory.java:520)
	at org.springframework.beans.factory.support.AbstractBeanFactory.lambda$doGetBean$0(AbstractBeanFactory.java:325)
	at org.springframework.beans.factory.support.DefaultSingletonBeanRegistry.getSingleton(DefaultSingletonBeanRegistry.java:234)
	at org.springframework.beans.factory.support.AbstractBeanFactory.doGetBean(AbstractBeanFactory.java:323)
	at org.springframework.beans.factory.support.AbstractBeanFactory.getBean(AbstractBeanFactory.java:199)
	at org.springframework.context.support.AbstractApplicationContext.getBean(AbstractApplicationContext.java:1166)
	at org.springframework.context.support.AbstractApplicationContext.finishBeanFactoryInitialization(AbstractApplicationContext.java:940)
	at org.springframework.context.support.AbstractApplicationContext.refresh(AbstractApplicationContext.java:616)
	at org.springframework.boot.web.servlet.context.ServletWebServerApplicationContext.refresh(ServletWebServerApplicationContext.java:146)
	at org.springframework.boot.SpringApplication.refresh(SpringApplication.java:738)
	at org.springframework.boot.SpringApplication.refreshContext(SpringApplication.java:440)
	at org.springframework.boot.SpringApplication.run(SpringApplication.java:316)
	at org.springframework.boot.SpringApplication.run(SpringApplication.java:1306)
	at org.springframework.boot.SpringApplication.run(SpringApplication.java:1295)
	at com.example.hexagonalapp.HexagonalappApplication.main(HexagonalappApplication.java:10)
Caused by: jakarta.persistence.PersistenceException: [PersistenceUnit: default] Unable to build Hibernate SessionFactory; nested exception is org.hibernate.tool.schema.spi.SchemaManagementException: Schema-validation: missing table [categories]
	at org.springframework.orm.jpa.AbstractEntityManagerFactoryBean.buildNativeEntityManagerFactory(AbstractEntityManagerFactoryBean.java:421)
	at org.springframework.orm.jpa.AbstractEntityManagerFactoryBean.afterPropertiesSet(AbstractEntityManagerFactoryBean.java:396)
	at org.springframework.orm.jpa.LocalContainerEntityManagerFactoryBean.afterPropertiesSet(LocalContainerEntityManagerFactoryBean.java:352)
	at org.springframework.beans.factory.support.AbstractAutowireCapableBeanFactory.invokeInitMethods(AbstractAutowireCapableBeanFactory.java:1817)
	at org.springframework.beans.factory.support.AbstractAutowireCapableBeanFactory.initializeBean(AbstractAutowireCapableBeanFactory.java:1766)
	... 16 common frames omitted
Caused by: org.hibernate.tool.schema.spi.SchemaManagementException: Schema-validation: missing table [categories]
	at org.hibernate.tool.schema.internal.AbstractSchemaValidator.validateTable(AbstractSchemaValidator.java:134)
	at org.hibernate.tool.schema.internal.GroupedSchemaValidatorImpl.validateTables(GroupedSchemaValidatorImpl.java:46)
	at org.hibernate.tool.schema.internal.AbstractSchemaValidator.performValidation(AbstractSchemaValidator.java:97)
	at org.hibernate.tool.schema.internal.AbstractSchemaValidator.doValidation(AbstractSchemaValidator.java:75)
	at org.hibernate.tool.schema.spi.SchemaManagementToolCoordinator.performDatabaseAction(SchemaManagementToolCoordinator.java:293)
	at org.hibernate.tool.schema.spi.SchemaManagementToolCoordinator.lambda$process$5(SchemaManagementToolCoordinator.java:143)
	at java.base/java.util.HashMap.forEach(HashMap.java:1421)
	at org.hibernate.tool.schema.spi.SchemaManagementToolCoordinator.process(SchemaManagementToolCoordinator.java:140)
	at org.hibernate.boot.internal.SessionFactoryObserverForSchemaExport.sessionFactoryCreated(SessionFactoryObserverForSchemaExport.java:37)
	at org.hibernate.internal.SessionFactoryObserverChain.sessionFactoryCreated(SessionFactoryObserverChain.java:35)
	at org.hibernate.internal.SessionFactoryImpl.<init>(SessionFactoryImpl.java:293)
	at org.hibernate.boot.internal.SessionFactoryBuilderImpl.build(SessionFactoryBuilderImpl.java:444)
	at org.hibernate.jpa.boot.internal.EntityManagerFactoryBuilderImpl.build(EntityManagerFactoryBuilderImpl.java:1458)
	at org.springframework.orm.jpa.vendor.SpringHibernateJpaPersistenceProvider.createContainerEntityManagerFactory(SpringHibernateJpaPersistenceProvider.java:75)
	at org.springframework.orm.jpa.LocalContainerEntityManagerFactoryBean.createNativeEntityManagerFactory(LocalContainerEntityManagerFactoryBean.java:376)
	at org.springframework.orm.jpa.AbstractEntityManagerFactoryBean.buildNativeEntityManagerFactory(AbstractEntityManagerFactoryBean.java:409)
	... 20 common frames omitted
2025-12-02 08:00:37.042 [background-preinit] INFO  o.h.validator.internal.util.Version - traceId= - HV000001: Hibernate Validator 8.0.1.Final
2025-12-02 08:00:37.068 [main] INFO  c.e.h.HexagonalappApplication - traceId= - Starting HexagonalappApplication using Java 17.0.17 with PID 11416 (/home/coders/IdeaProjects/hexagonalapp/target/classes started by coders in /home/coders/IdeaProjects/hexagonalapp)
2025-12-02 08:00:37.068 [main] DEBUG c.e.h.HexagonalappApplication - traceId= - Running with Spring Boot v3.1.6, Spring v6.0.14
2025-12-02 08:00:37.069 [main] INFO  c.e.h.HexagonalappApplication - traceId= - No active profile set, falling back to 1 default profile: "default"
2025-12-02 08:00:37.574 [main] INFO  o.s.d.r.c.RepositoryConfigurationDelegate - traceId= - Bootstrapping Spring Data JPA repositories in DEFAULT mode.
2025-12-02 08:00:37.617 [main] INFO  o.s.d.r.c.RepositoryConfigurationDelegate - traceId= - Finished Spring Data repository scanning in 37 ms. Found 1 JPA repository interface.
2025-12-02 08:00:37.992 [main] INFO  o.s.b.w.e.tomcat.TomcatWebServer - traceId= - Tomcat initialized with port(s): 8080 (http)
2025-12-02 08:00:37.998 [main] INFO  o.a.coyote.http11.Http11NioProtocol - traceId= - Initializing ProtocolHandler ["http-nio-8080"]
2025-12-02 08:00:37.999 [main] INFO  o.a.catalina.core.StandardService - traceId= - Starting service [Tomcat]
2025-12-02 08:00:38.000 [main] INFO  o.a.catalina.core.StandardEngine - traceId= - Starting Servlet engine: [Apache Tomcat/10.1.16]
2025-12-02 08:00:38.065 [main] INFO  o.a.c.c.C.[Tomcat].[localhost].[/] - traceId= - Initializing Spring embedded WebApplicationContext
2025-12-02 08:00:38.066 [main] INFO  o.s.b.w.s.c.ServletWebServerApplicationContext - traceId= - Root WebApplicationContext: initialization completed in 964 ms
2025-12-02 08:00:38.098 [main] INFO  com.zaxxer.hikari.HikariDataSource - traceId= - HikariPool-1 - Starting...
2025-12-02 08:00:38.210 [main] INFO  com.zaxxer.hikari.pool.HikariPool - traceId= - HikariPool-1 - Added connection conn0: url=jdbc:h2:mem:hexagonaldb user=SA
2025-12-02 08:00:38.211 [main] INFO  com.zaxxer.hikari.HikariDataSource - traceId= - HikariPool-1 - Start completed.
2025-12-02 08:00:38.220 [main] INFO  o.s.b.a.h.H2ConsoleAutoConfiguration - traceId= - H2 console available at '/h2-console'. Database available at 'jdbc:h2:mem:hexagonaldb'
2025-12-02 08:00:38.278 [main] DEBUG c.e.h.i.c.JwtAuthenticationFilter - traceId= - Filter 'jwtAuthenticationFilter' configured for use
2025-12-02 08:00:38.337 [main] INFO  o.h.jpa.internal.util.LogHelper - traceId= - HHH000204: Processing PersistenceUnitInfo [name: default]
2025-12-02 08:00:38.364 [main] INFO  org.hibernate.Version - traceId= - HHH000412: Hibernate ORM core version 6.2.13.Final
2025-12-02 08:00:38.365 [main] INFO  org.hibernate.cfg.Environment - traceId= - HHH000406: Using bytecode reflection optimizer
2025-12-02 08:00:38.507 [main] INFO  o.s.o.j.p.SpringPersistenceUnitInfo - traceId= - No LoadTimeWeaver setup: ignoring JPA class transformer
2025-12-02 08:00:38.532 [main] WARN  org.hibernate.orm.deprecation - traceId= - HHH90000025: H2Dialect does not need to be specified explicitly using 'hibernate.dialect' (remove the property setting and it will be selected by default)
2025-12-02 08:00:38.996 [main] INFO  o.h.e.t.j.p.i.JtaPlatformInitiator - traceId= - HHH000489: No JTA platform available (set 'hibernate.transaction.jta.platform' to enable JTA platform integration)
2025-12-02 08:00:39.034 [main] INFO  o.s.o.j.LocalContainerEntityManagerFactoryBean - traceId= - Initialized JPA EntityManagerFactory for persistence unit 'default'
2025-12-02 08:00:39.197 [main] INFO  o.s.d.j.r.query.QueryEnhancerFactory - traceId= - Hibernate is in classpath; If applicable, HQL parser will be used.
2025-12-02 08:00:39.584 [main] WARN  o.s.b.a.o.j.JpaBaseConfiguration$JpaWebConfiguration - traceId= - spring.jpa.open-in-view is enabled by default. Therefore, database queries may be performed during view rendering. Explicitly configure spring.jpa.open-in-view to disable this warning
2025-12-02 08:00:39.635 [main] WARN  o.s.b.w.s.c.AnnotationConfigServletWebServerApplicationContext - traceId= - Exception encountered during context initialization - cancelling refresh attempt: org.springframework.beans.factory.UnsatisfiedDependencyException: Error creating bean with name 'org.springframework.security.config.annotation.web.configuration.WebSecurityConfiguration': Unsatisfied dependency expressed through method 'setFilterChains' parameter 0: Error creating bean with name 'filterChain' defined in class path resource [com/example/hexagonalapp/infrastructure/config/SecurityConfig.class]: Failed to instantiate [org.springframework.security.web.SecurityFilterChain]: Factory method 'filterChain' threw exception with message: This method cannot decide whether these patterns are Spring MVC patterns or not. If this endpoint is a Spring MVC endpoint, please use requestMatchers(MvcRequestMatcher); otherwise, please use requestMatchers(AntPathRequestMatcher).

This is because there is more than one mappable servlet in your servlet context: {org.h2.server.web.JakartaWebServlet=[/h2-console/*], org.springframework.web.servlet.DispatcherServlet=[/]}.

For each MvcRequestMatcher, call MvcRequestMatcher#setServletPath to indicate the servlet path.
2025-12-02 08:00:39.635 [main] INFO  o.s.o.j.LocalContainerEntityManagerFactoryBean - traceId= - Closing JPA EntityManagerFactory for persistence unit 'default'
2025-12-02 08:00:39.637 [main] INFO  com.zaxxer.hikari.HikariDataSource - traceId= - HikariPool-1 - Shutdown initiated...
2025-12-02 08:00:39.638 [main] INFO  com.zaxxer.hikari.HikariDataSource - traceId= - HikariPool-1 - Shutdown completed.
2025-12-02 08:00:39.640 [main] INFO  o.a.catalina.core.StandardService - traceId= - Stopping service [Tomcat]
2025-12-02 08:00:39.648 [main] INFO  o.s.b.a.l.ConditionEvaluationReportLogger - traceId= - 

Error starting ApplicationContext. To display the condition evaluation report re-run your application with 'debug' enabled.
2025-12-02 08:00:39.656 [main] ERROR o.s.boot.SpringApplication - traceId= - Application run failed
org.springframework.beans.factory.UnsatisfiedDependencyException: Error creating bean with name 'org.springframework.security.config.annotation.web.configuration.WebSecurityConfiguration': Unsatisfied dependency expressed through method 'setFilterChains' parameter 0: Error creating bean with name 'filterChain' defined in class path resource [com/example/hexagonalapp/infrastructure/config/SecurityConfig.class]: Failed to instantiate [org.springframework.security.web.SecurityFilterChain]: Factory method 'filterChain' threw exception with message: This method cannot decide whether these patterns are Spring MVC patterns or not. If this endpoint is a Spring MVC endpoint, please use requestMatchers(MvcRequestMatcher); otherwise, please use requestMatchers(AntPathRequestMatcher).

This is because there is more than one mappable servlet in your servlet context: {org.h2.server.web.JakartaWebServlet=[/h2-console/*], org.springframework.web.servlet.DispatcherServlet=[/]}.

For each MvcRequestMatcher, call MvcRequestMatcher#setServletPath to indicate the servlet path.
	at org.springframework.beans.factory.annotation.AutowiredAnnotationBeanPostProcessor$AutowiredMethodElement.resolveMethodArguments(AutowiredAnnotationBeanPostProcessor.java:879)
	at org.springframework.beans.factory.annotation.AutowiredAnnotationBeanPostProcessor$AutowiredMethodElement.inject(AutowiredAnnotationBeanPostProcessor.java:832)
	at org.springframework.beans.factory.annotation.InjectionMetadata.inject(InjectionMetadata.java:145)
	at org.springframework.beans.factory.annotation.AutowiredAnnotationBeanPostProcessor.postProcessProperties(AutowiredAnnotationBeanPostProcessor.java:492)
	at org.springframework.beans.factory.support.AbstractAutowireCapableBeanFactory.populateBean(AbstractAutowireCapableBeanFactory.java:1416)
	at org.springframework.beans.factory.support.AbstractAutowireCapableBeanFactory.doCreateBean(AbstractAutowireCapableBeanFactory.java:597)
	at org.springframework.beans.factory.support.AbstractAutowireCapableBeanFactory.createBean(AbstractAutowireCapableBeanFactory.java:520)
	at org.springframework.beans.factory.support.AbstractBeanFactory.lambda$doGetBean$0(AbstractBeanFactory.java:325)
	at org.springframework.beans.factory.support.DefaultSingletonBeanRegistry.getSingleton(DefaultSingletonBeanRegistry.java:234)
	at org.springframework.beans.factory.support.AbstractBeanFactory.doGetBean(AbstractBeanFactory.java:323)
	at org.springframework.beans.factory.support.AbstractBeanFactory.getBean(AbstractBeanFactory.java:199)
	at org.springframework.beans.factory.support.DefaultListableBeanFactory.preInstantiateSingletons(DefaultListableBeanFactory.java:973)
	at org.springframework.context.support.AbstractApplicationContext.finishBeanFactoryInitialization(AbstractApplicationContext.java:950)
	at org.springframework.context.support.AbstractApplicationContext.refresh(AbstractApplicationContext.java:616)
	at org.springframework.boot.web.servlet.context.ServletWebServerApplicationContext.refresh(ServletWebServerApplicationContext.java:146)
	at org.springframework.boot.SpringApplication.refresh(SpringApplication.java:738)
	at org.springframework.boot.SpringApplication.refreshContext(SpringApplication.java:440)
	at org.springframework.boot.SpringApplication.run(SpringApplication.java:316)
	at org.springframework.boot.SpringApplication.run(SpringApplication.java:1306)
	at org.springframework.boot.SpringApplication.run(SpringApplication.java:1295)
	at com.example.hexagonalapp.HexagonalappApplication.main(HexagonalappApplication.java:10)
Caused by: org.springframework.beans.factory.BeanCreationException: Error creating bean with name 'filterChain' defined in class path resource [com/example/hexagonalapp/infrastructure/config/SecurityConfig.class]: Failed to instantiate [org.springframework.security.web.SecurityFilterChain]: Factory method 'filterChain' threw exception with message: This method cannot decide whether these patterns are Spring MVC patterns or not. If this endpoint is a Spring MVC endpoint, please use requestMatchers(MvcRequestMatcher); otherwise, please use requestMatchers(AntPathRequestMatcher).

This is because there is more than one mappable servlet in your servlet context: {org.h2.server.web.JakartaWebServlet=[/h2-console/*], org.springframework.web.servlet.DispatcherServlet=[/]}.

For each MvcRequestMatcher, call MvcRequestMatcher#setServletPath to indicate the servlet path.
	at org.springframework.beans.factory.support.ConstructorResolver.instantiate(ConstructorResolver.java:654)
	at org.springframework.beans.factory.support.ConstructorResolver.instantiateUsingFactoryMethod(ConstructorResolver.java:642)
	at org.springframework.beans.factory.support.AbstractAutowireCapableBeanFactory.instantiateUsingFactoryMethod(AbstractAutowireCapableBeanFactory.java:1332)
	at org.springframework.beans.factory.support.AbstractAutowireCapableBeanFactory.createBeanInstance(AbstractAutowireCapableBeanFactory.java:1162)
	at org.springframework.beans.factory.support.AbstractAutowireCapableBeanFactory.doCreateBean(AbstractAutowireCapableBeanFactory.java:560)
	at org.springframework.beans.factory.support.AbstractAutowireCapableBeanFactory.createBean(AbstractAutowireCapableBeanFactory.java:520)
	at org.springframework.beans.factory.support.AbstractBeanFactory.lambda$doGetBean$0(AbstractBeanFactory.java:325)
	at org.springframework.beans.factory.support.DefaultSingletonBeanRegistry.getSingleton(DefaultSingletonBeanRegistry.java:234)
	at org.springframework.beans.factory.support.AbstractBeanFactory.doGetBean(AbstractBeanFactory.java:323)
	at org.springframework.beans.factory.support.AbstractBeanFactory.getBean(AbstractBeanFactory.java:199)
	at org.springframework.beans.factory.config.DependencyDescriptor.resolveCandidate(DependencyDescriptor.java:254)
	at org.springframework.beans.factory.support.DefaultListableBeanFactory.addCandidateEntry(DefaultListableBeanFactory.java:1633)
	at org.springframework.beans.factory.support.DefaultListableBeanFactory.findAutowireCandidates(DefaultListableBeanFactory.java:1597)
	at org.springframework.beans.factory.support.DefaultListableBeanFactory.resolveMultipleBeans(DefaultListableBeanFactory.java:1488)
	at org.springframework.beans.factory.support.DefaultListableBeanFactory.doResolveDependency(DefaultListableBeanFactory.java:1375)
	at org.springframework.beans.factory.support.DefaultListableBeanFactory.resolveDependency(DefaultListableBeanFactory.java:1337)
	at org.springframework.beans.factory.annotation.AutowiredAnnotationBeanPostProcessor$AutowiredMethodElement.resolveMethodArguments(AutowiredAnnotationBeanPostProcessor.java:871)
	... 20 common frames omitted
Caused by: org.springframework.beans.BeanInstantiationException: Failed to instantiate [org.springframework.security.web.SecurityFilterChain]: Factory method 'filterChain' threw exception with message: This method cannot decide whether these patterns are Spring MVC patterns or not. If this endpoint is a Spring MVC endpoint, please use requestMatchers(MvcRequestMatcher); otherwise, please use requestMatchers(AntPathRequestMatcher).

This is because there is more than one mappable servlet in your servlet context: {org.h2.server.web.JakartaWebServlet=[/h2-console/*], org.springframework.web.servlet.DispatcherServlet=[/]}.

For each MvcRequestMatcher, call MvcRequestMatcher#setServletPath to indicate the servlet path.
	at org.springframework.beans.factory.support.SimpleInstantiationStrategy.instantiate(SimpleInstantiationStrategy.java:171)
	at org.springframework.beans.factory.support.ConstructorResolver.instantiate(ConstructorResolver.java:650)
	... 36 common frames omitted
Caused by: java.lang.IllegalArgumentException: This method cannot decide whether these patterns are Spring MVC patterns or not. If this endpoint is a Spring MVC endpoint, please use requestMatchers(MvcRequestMatcher); otherwise, please use requestMatchers(AntPathRequestMatcher).

This is because there is more than one mappable servlet in your servlet context: {org.h2.server.web.JakartaWebServlet=[/h2-console/*], org.springframework.web.servlet.DispatcherServlet=[/]}.

For each MvcRequestMatcher, call MvcRequestMatcher#setServletPath to indicate the servlet path.
	at org.springframework.security.config.annotation.web.AbstractRequestMatcherRegistry.requestMatchers(AbstractRequestMatcherRegistry.java:208)
	at org.springframework.security.config.annotation.web.AbstractRequestMatcherRegistry.requestMatchers(AbstractRequestMatcherRegistry.java:276)
	at com.example.hexagonalapp.infrastructure.config.SecurityConfig.lambda$filterChain$3(SecurityConfig.java:37)
	at org.springframework.security.config.annotation.web.builders.HttpSecurity.authorizeHttpRequests(HttpSecurity.java:1466)
	at com.example.hexagonalapp.infrastructure.config.SecurityConfig.filterChain(SecurityConfig.java:36)
	at com.example.hexagonalapp.infrastructure.config.SecurityConfig$$SpringCGLIB$$0.CGLIB$filterChain$2(<generated>)
	at com.example.hexagonalapp.infrastructure.config.SecurityConfig$$SpringCGLIB$$FastClass$$1.invoke(<generated>)
	at org.springframework.cglib.proxy.MethodProxy.invokeSuper(MethodProxy.java:258)
	at org.springframework.context.annotation.ConfigurationClassEnhancer$BeanMethodInterceptor.intercept(ConfigurationClassEnhancer.java:331)
	at com.example.hexagonalapp.infrastructure.config.SecurityConfig$$SpringCGLIB$$0.filterChain(<generated>)
	at java.base/jdk.internal.reflect.NativeMethodAccessorImpl.invoke0(Native Method)
	at java.base/jdk.internal.reflect.NativeMethodAccessorImpl.invoke(NativeMethodAccessorImpl.java:77)
	at java.base/jdk.internal.reflect.DelegatingMethodAccessorImpl.invoke(DelegatingMethodAccessorImpl.java:43)
	at java.base/java.lang.reflect.Method.invoke(Method.java:569)
	at org.springframework.beans.factory.support.SimpleInstantiationStrategy.instantiate(SimpleInstantiationStrategy.java:139)
	... 37 common frames omitted
2025-12-02 08:01:15.095 [background-preinit] INFO  o.h.validator.internal.util.Version - traceId= - HV000001: Hibernate Validator 8.0.1.Final
2025-12-02 08:01:15.123 [main] INFO  c.e.h.HexagonalappApplication - traceId= - Starting HexagonalappApplication using Java 17.0.17 with PID 11505 (/home/coders/IdeaProjects/hexagonalapp/target/classes started by coders in /home/coders/IdeaProjects/hexagonalapp)
2025-12-02 08:01:15.124 [main] DEBUG c.e.h.HexagonalappApplication - traceId= - Running with Spring Boot v3.1.6, Spring v6.0.14
2025-12-02 08:01:15.124 [main] INFO  c.e.h.HexagonalappApplication - traceId= - No active profile set, falling back to 1 default profile: "default"
2025-12-02 08:01:15.613 [main] INFO  o.s.d.r.c.RepositoryConfigurationDelegate - traceId= - Bootstrapping Spring Data JPA repositories in DEFAULT mode.
2025-12-02 08:01:15.652 [main] INFO  o.s.d.r.c.RepositoryConfigurationDelegate - traceId= - Finished Spring Data repository scanning in 35 ms. Found 1 JPA repository interface.
2025-12-02 08:01:16.049 [main] INFO  o.s.b.w.e.tomcat.TomcatWebServer - traceId= - Tomcat initialized with port(s): 8080 (http)
2025-12-02 08:01:16.055 [main] INFO  o.a.coyote.http11.Http11NioProtocol - traceId= - Initializing ProtocolHandler ["http-nio-8080"]
2025-12-02 08:01:16.056 [main] INFO  o.a.catalina.core.StandardService - traceId= - Starting service [Tomcat]
2025-12-02 08:01:16.057 [main] INFO  o.a.catalina.core.StandardEngine - traceId= - Starting Servlet engine: [Apache Tomcat/10.1.16]
2025-12-02 08:01:16.117 [main] INFO  o.a.c.c.C.[Tomcat].[localhost].[/] - traceId= - Initializing Spring embedded WebApplicationContext
2025-12-02 08:01:16.118 [main] INFO  o.s.b.w.s.c.ServletWebServerApplicationContext - traceId= - Root WebApplicationContext: initialization completed in 959 ms
2025-12-02 08:01:16.149 [main] INFO  com.zaxxer.hikari.HikariDataSource - traceId= - HikariPool-1 - Starting...
2025-12-02 08:01:16.268 [main] INFO  com.zaxxer.hikari.pool.HikariPool - traceId= - HikariPool-1 - Added connection conn0: url=jdbc:h2:mem:hexagonaldb user=SA
2025-12-02 08:01:16.269 [main] INFO  com.zaxxer.hikari.HikariDataSource - traceId= - HikariPool-1 - Start completed.
2025-12-02 08:01:16.278 [main] INFO  o.s.b.a.h.H2ConsoleAutoConfiguration - traceId= - H2 console available at '/h2-console'. Database available at 'jdbc:h2:mem:hexagonaldb'
2025-12-02 08:01:16.338 [main] DEBUG c.e.h.i.c.JwtAuthenticationFilter - traceId= - Filter 'jwtAuthenticationFilter' configured for use
2025-12-02 08:01:16.402 [main] INFO  o.h.jpa.internal.util.LogHelper - traceId= - HHH000204: Processing PersistenceUnitInfo [name: default]
2025-12-02 08:01:16.429 [main] INFO  org.hibernate.Version - traceId= - HHH000412: Hibernate ORM core version 6.2.13.Final
2025-12-02 08:01:16.430 [main] INFO  org.hibernate.cfg.Environment - traceId= - HHH000406: Using bytecode reflection optimizer
2025-12-02 08:01:16.572 [main] INFO  o.s.o.j.p.SpringPersistenceUnitInfo - traceId= - No LoadTimeWeaver setup: ignoring JPA class transformer
2025-12-02 08:01:16.597 [main] WARN  org.hibernate.orm.deprecation - traceId= - HHH90000025: H2Dialect does not need to be specified explicitly using 'hibernate.dialect' (remove the property setting and it will be selected by default)
2025-12-02 08:01:17.109 [main] INFO  o.h.e.t.j.p.i.JtaPlatformInitiator - traceId= - HHH000489: No JTA platform available (set 'hibernate.transaction.jta.platform' to enable JTA platform integration)
2025-12-02 08:01:17.148 [main] INFO  o.s.o.j.LocalContainerEntityManagerFactoryBean - traceId= - Initialized JPA EntityManagerFactory for persistence unit 'default'
2025-12-02 08:01:17.315 [main] INFO  o.s.d.j.r.query.QueryEnhancerFactory - traceId= - Hibernate is in classpath; If applicable, HQL parser will be used.
2025-12-02 08:01:17.699 [main] WARN  o.s.b.a.o.j.JpaBaseConfiguration$JpaWebConfiguration - traceId= - spring.jpa.open-in-view is enabled by default. Therefore, database queries may be performed during view rendering. Explicitly configure spring.jpa.open-in-view to disable this warning
2025-12-02 08:01:17.752 [main] WARN  o.s.b.w.s.c.AnnotationConfigServletWebServerApplicationContext - traceId= - Exception encountered during context initialization - cancelling refresh attempt: org.springframework.beans.factory.UnsatisfiedDependencyException: Error creating bean with name 'org.springframework.security.config.annotation.web.configuration.WebSecurityConfiguration': Unsatisfied dependency expressed through method 'setFilterChains' parameter 0: Error creating bean with name 'filterChain' defined in class path resource [com/example/hexagonalapp/infrastructure/config/SecurityConfig.class]: Failed to instantiate [org.springframework.security.web.SecurityFilterChain]: Factory method 'filterChain' threw exception with message: This method cannot decide whether these patterns are Spring MVC patterns or not. If this endpoint is a Spring MVC endpoint, please use requestMatchers(MvcRequestMatcher); otherwise, please use requestMatchers(AntPathRequestMatcher).

This is because there is more than one mappable servlet in your servlet context: {org.h2.server.web.JakartaWebServlet=[/h2-console/*], org.springframework.web.servlet.DispatcherServlet=[/]}.

For each MvcRequestMatcher, call MvcRequestMatcher#setServletPath to indicate the servlet path.
2025-12-02 08:01:17.752 [main] INFO  o.s.o.j.LocalContainerEntityManagerFactoryBean - traceId= - Closing JPA EntityManagerFactory for persistence unit 'default'
2025-12-02 08:01:17.753 [main] INFO  com.zaxxer.hikari.HikariDataSource - traceId= - HikariPool-1 - Shutdown initiated...
2025-12-02 08:01:17.755 [main] INFO  com.zaxxer.hikari.HikariDataSource - traceId= - HikariPool-1 - Shutdown completed.
2025-12-02 08:01:17.756 [main] INFO  o.a.catalina.core.StandardService - traceId= - Stopping service [Tomcat]
2025-12-02 08:01:17.763 [main] INFO  o.s.b.a.l.ConditionEvaluationReportLogger - traceId= - 

Error starting ApplicationContext. To display the condition evaluation report re-run your application with 'debug' enabled.
2025-12-02 08:01:17.772 [main] ERROR o.s.boot.SpringApplication - traceId= - Application run failed
org.springframework.beans.factory.UnsatisfiedDependencyException: Error creating bean with name 'org.springframework.security.config.annotation.web.configuration.WebSecurityConfiguration': Unsatisfied dependency expressed through method 'setFilterChains' parameter 0: Error creating bean with name 'filterChain' defined in class path resource [com/example/hexagonalapp/infrastructure/config/SecurityConfig.class]: Failed to instantiate [org.springframework.security.web.SecurityFilterChain]: Factory method 'filterChain' threw exception with message: This method cannot decide whether these patterns are Spring MVC patterns or not. If this endpoint is a Spring MVC endpoint, please use requestMatchers(MvcRequestMatcher); otherwise, please use requestMatchers(AntPathRequestMatcher).

This is because there is more than one mappable servlet in your servlet context: {org.h2.server.web.JakartaWebServlet=[/h2-console/*], org.springframework.web.servlet.DispatcherServlet=[/]}.

For each MvcRequestMatcher, call MvcRequestMatcher#setServletPath to indicate the servlet path.
	at org.springframework.beans.factory.annotation.AutowiredAnnotationBeanPostProcessor$AutowiredMethodElement.resolveMethodArguments(AutowiredAnnotationBeanPostProcessor.java:879)
	at org.springframework.beans.factory.annotation.AutowiredAnnotationBeanPostProcessor$AutowiredMethodElement.inject(AutowiredAnnotationBeanPostProcessor.java:832)
	at org.springframework.beans.factory.annotation.InjectionMetadata.inject(InjectionMetadata.java:145)
	at org.springframework.beans.factory.annotation.AutowiredAnnotationBeanPostProcessor.postProcessProperties(AutowiredAnnotationBeanPostProcessor.java:492)
	at org.springframework.beans.factory.support.AbstractAutowireCapableBeanFactory.populateBean(AbstractAutowireCapableBeanFactory.java:1416)
	at org.springframework.beans.factory.support.AbstractAutowireCapableBeanFactory.doCreateBean(AbstractAutowireCapableBeanFactory.java:597)
	at org.springframework.beans.factory.support.AbstractAutowireCapableBeanFactory.createBean(AbstractAutowireCapableBeanFactory.java:520)
	at org.springframework.beans.factory.support.AbstractBeanFactory.lambda$doGetBean$0(AbstractBeanFactory.java:325)
	at org.springframework.beans.factory.support.DefaultSingletonBeanRegistry.getSingleton(DefaultSingletonBeanRegistry.java:234)
	at org.springframework.beans.factory.support.AbstractBeanFactory.doGetBean(AbstractBeanFactory.java:323)
	at org.springframework.beans.factory.support.AbstractBeanFactory.getBean(AbstractBeanFactory.java:199)
	at org.springframework.beans.factory.support.DefaultListableBeanFactory.preInstantiateSingletons(DefaultListableBeanFactory.java:973)
	at org.springframework.context.support.AbstractApplicationContext.finishBeanFactoryInitialization(AbstractApplicationContext.java:950)
	at org.springframework.context.support.AbstractApplicationContext.refresh(AbstractApplicationContext.java:616)
	at org.springframework.boot.web.servlet.context.ServletWebServerApplicationContext.refresh(ServletWebServerApplicationContext.java:146)
	at org.springframework.boot.SpringApplication.refresh(SpringApplication.java:738)
	at org.springframework.boot.SpringApplication.refreshContext(SpringApplication.java:440)
	at org.springframework.boot.SpringApplication.run(SpringApplication.java:316)
	at org.springframework.boot.SpringApplication.run(SpringApplication.java:1306)
	at org.springframework.boot.SpringApplication.run(SpringApplication.java:1295)
	at com.example.hexagonalapp.HexagonalappApplication.main(HexagonalappApplication.java:10)
Caused by: org.springframework.beans.factory.BeanCreationException: Error creating bean with name 'filterChain' defined in class path resource [com/example/hexagonalapp/infrastructure/config/SecurityConfig.class]: Failed to instantiate [org.springframework.security.web.SecurityFilterChain]: Factory method 'filterChain' threw exception with message: This method cannot decide whether these patterns are Spring MVC patterns or not. If this endpoint is a Spring MVC endpoint, please use requestMatchers(MvcRequestMatcher); otherwise, please use requestMatchers(AntPathRequestMatcher).

This is because there is more than one mappable servlet in your servlet context: {org.h2.server.web.JakartaWebServlet=[/h2-console/*], org.springframework.web.servlet.DispatcherServlet=[/]}.

For each MvcRequestMatcher, call MvcRequestMatcher#setServletPath to indicate the servlet path.
	at org.springframework.beans.factory.support.ConstructorResolver.instantiate(ConstructorResolver.java:654)
	at org.springframework.beans.factory.support.ConstructorResolver.instantiateUsingFactoryMethod(ConstructorResolver.java:642)
	at org.springframework.beans.factory.support.AbstractAutowireCapableBeanFactory.instantiateUsingFactoryMethod(AbstractAutowireCapableBeanFactory.java:1332)
	at org.springframework.beans.factory.support.AbstractAutowireCapableBeanFactory.createBeanInstance(AbstractAutowireCapableBeanFactory.java:1162)
	at org.springframework.beans.factory.support.AbstractAutowireCapableBeanFactory.doCreateBean(AbstractAutowireCapableBeanFactory.java:560)
	at org.springframework.beans.factory.support.AbstractAutowireCapableBeanFactory.createBean(AbstractAutowireCapableBeanFactory.java:520)
	at org.springframework.beans.factory.support.AbstractBeanFactory.lambda$doGetBean$0(AbstractBeanFactory.java:325)
	at org.springframework.beans.factory.support.DefaultSingletonBeanRegistry.getSingleton(DefaultSingletonBeanRegistry.java:234)
	at org.springframework.beans.factory.support.AbstractBeanFactory.doGetBean(AbstractBeanFactory.java:323)
	at org.springframework.beans.factory.support.AbstractBeanFactory.getBean(AbstractBeanFactory.java:199)
	at org.springframework.beans.factory.config.DependencyDescriptor.resolveCandidate(DependencyDescriptor.java:254)
	at org.springframework.beans.factory.support.DefaultListableBeanFactory.addCandidateEntry(DefaultListableBeanFactory.java:1633)
	at org.springframework.beans.factory.support.DefaultListableBeanFactory.findAutowireCandidates(DefaultListableBeanFactory.java:1597)
	at org.springframework.beans.factory.support.DefaultListableBeanFactory.resolveMultipleBeans(DefaultListableBeanFactory.java:1488)
	at org.springframework.beans.factory.support.DefaultListableBeanFactory.doResolveDependency(DefaultListableBeanFactory.java:1375)
	at org.springframework.beans.factory.support.DefaultListableBeanFactory.resolveDependency(DefaultListableBeanFactory.java:1337)
	at org.springframework.beans.factory.annotation.AutowiredAnnotationBeanPostProcessor$AutowiredMethodElement.resolveMethodArguments(AutowiredAnnotationBeanPostProcessor.java:871)
	... 20 common frames omitted
Caused by: org.springframework.beans.BeanInstantiationException: Failed to instantiate [org.springframework.security.web.SecurityFilterChain]: Factory method 'filterChain' threw exception with message: This method cannot decide whether these patterns are Spring MVC patterns or not. If this endpoint is a Spring MVC endpoint, please use requestMatchers(MvcRequestMatcher); otherwise, please use requestMatchers(AntPathRequestMatcher).

This is because there is more than one mappable servlet in your servlet context: {org.h2.server.web.JakartaWebServlet=[/h2-console/*], org.springframework.web.servlet.DispatcherServlet=[/]}.

For each MvcRequestMatcher, call MvcRequestMatcher#setServletPath to indicate the servlet path.
	at org.springframework.beans.factory.support.SimpleInstantiationStrategy.instantiate(SimpleInstantiationStrategy.java:171)
	at org.springframework.beans.factory.support.ConstructorResolver.instantiate(ConstructorResolver.java:650)
	... 36 common frames omitted
Caused by: java.lang.IllegalArgumentException: This method cannot decide whether these patterns are Spring MVC patterns or not. If this endpoint is a Spring MVC endpoint, please use requestMatchers(MvcRequestMatcher); otherwise, please use requestMatchers(AntPathRequestMatcher).

This is because there is more than one mappable servlet in your servlet context: {org.h2.server.web.JakartaWebServlet=[/h2-console/*], org.springframework.web.servlet.DispatcherServlet=[/]}.

For each MvcRequestMatcher, call MvcRequestMatcher#setServletPath to indicate the servlet path.
	at org.springframework.security.config.annotation.web.AbstractRequestMatcherRegistry.requestMatchers(AbstractRequestMatcherRegistry.java:208)
	at org.springframework.security.config.annotation.web.AbstractRequestMatcherRegistry.requestMatchers(AbstractRequestMatcherRegistry.java:276)
	at com.example.hexagonalapp.infrastructure.config.SecurityConfig.lambda$filterChain$3(SecurityConfig.java:37)
	at org.springframework.security.config.annotation.web.builders.HttpSecurity.authorizeHttpRequests(HttpSecurity.java:1466)
	at com.example.hexagonalapp.infrastructure.config.SecurityConfig.filterChain(SecurityConfig.java:36)
	at com.example.hexagonalapp.infrastructure.config.SecurityConfig$$SpringCGLIB$$0.CGLIB$filterChain$2(<generated>)
	at com.example.hexagonalapp.infrastructure.config.SecurityConfig$$SpringCGLIB$$FastClass$$1.invoke(<generated>)
	at org.springframework.cglib.proxy.MethodProxy.invokeSuper(MethodProxy.java:258)
	at org.springframework.context.annotation.ConfigurationClassEnhancer$BeanMethodInterceptor.intercept(ConfigurationClassEnhancer.java:331)
	at com.example.hexagonalapp.infrastructure.config.SecurityConfig$$SpringCGLIB$$0.filterChain(<generated>)
	at java.base/jdk.internal.reflect.NativeMethodAccessorImpl.invoke0(Native Method)
	at java.base/jdk.internal.reflect.NativeMethodAccessorImpl.invoke(NativeMethodAccessorImpl.java:77)
	at java.base/jdk.internal.reflect.DelegatingMethodAccessorImpl.invoke(DelegatingMethodAccessorImpl.java:43)
	at java.base/java.lang.reflect.Method.invoke(Method.java:569)
	at org.springframework.beans.factory.support.SimpleInstantiationStrategy.instantiate(SimpleInstantiationStrategy.java:139)
	... 37 common frames omitted
2025-12-02 08:02:35.182 [background-preinit] INFO  o.h.validator.internal.util.Version - traceId= - HV000001: Hibernate Validator 8.0.1.Final
2025-12-02 08:02:35.209 [main] INFO  c.e.h.HexagonalappApplication - traceId= - Starting HexagonalappApplication using Java 17.0.17 with PID 11605 (/home/coders/IdeaProjects/hexagonalapp/target/classes started by coders in /home/coders/IdeaProjects/hexagonalapp)
2025-12-02 08:02:35.209 [main] DEBUG c.e.h.HexagonalappApplication - traceId= - Running with Spring Boot v3.1.6, Spring v6.0.14
2025-12-02 08:02:35.210 [main] INFO  c.e.h.HexagonalappApplication - traceId= - No active profile set, falling back to 1 default profile: "default"
2025-12-02 08:02:35.680 [main] INFO  o.s.d.r.c.RepositoryConfigurationDelegate - traceId= - Bootstrapping Spring Data JPA repositories in DEFAULT mode.
2025-12-02 08:02:35.720 [main] INFO  o.s.d.r.c.RepositoryConfigurationDelegate - traceId= - Finished Spring Data repository scanning in 36 ms. Found 1 JPA repository interface.
2025-12-02 08:02:36.067 [main] INFO  o.s.b.w.e.tomcat.TomcatWebServer - traceId= - Tomcat initialized with port(s): 8080 (http)
2025-12-02 08:02:36.072 [main] INFO  o.a.coyote.http11.Http11NioProtocol - traceId= - Initializing ProtocolHandler ["http-nio-8080"]
2025-12-02 08:02:36.074 [main] INFO  o.a.catalina.core.StandardService - traceId= - Starting service [Tomcat]
2025-12-02 08:02:36.074 [main] INFO  o.a.catalina.core.StandardEngine - traceId= - Starting Servlet engine: [Apache Tomcat/10.1.16]
2025-12-02 08:02:36.133 [main] INFO  o.a.c.c.C.[Tomcat].[localhost].[/] - traceId= - Initializing Spring embedded WebApplicationContext
2025-12-02 08:02:36.134 [main] INFO  o.s.b.w.s.c.ServletWebServerApplicationContext - traceId= - Root WebApplicationContext: initialization completed in 888 ms
2025-12-02 08:02:36.154 [main] INFO  com.zaxxer.hikari.HikariDataSource - traceId= - HikariPool-1 - Starting...
2025-12-02 08:02:36.270 [main] INFO  com.zaxxer.hikari.pool.HikariPool - traceId= - HikariPool-1 - Added connection conn0: url=jdbc:h2:mem:hexagonaldb user=SA
2025-12-02 08:02:36.272 [main] INFO  com.zaxxer.hikari.HikariDataSource - traceId= - HikariPool-1 - Start completed.
2025-12-02 08:02:36.281 [main] INFO  o.s.b.a.h.H2ConsoleAutoConfiguration - traceId= - H2 console available at '/h2-console'. Database available at 'jdbc:h2:mem:hexagonaldb'
2025-12-02 08:02:36.323 [main] DEBUG c.e.h.i.c.JwtAuthenticationFilter - traceId= - Filter 'jwtAuthenticationFilter' configured for use
2025-12-02 08:02:36.377 [main] INFO  o.h.jpa.internal.util.LogHelper - traceId= - HHH000204: Processing PersistenceUnitInfo [name: default]
2025-12-02 08:02:36.404 [main] INFO  org.hibernate.Version - traceId= - HHH000412: Hibernate ORM core version 6.2.13.Final
2025-12-02 08:02:36.406 [main] INFO  org.hibernate.cfg.Environment - traceId= - HHH000406: Using bytecode reflection optimizer
2025-12-02 08:02:36.548 [main] INFO  o.s.o.j.p.SpringPersistenceUnitInfo - traceId= - No LoadTimeWeaver setup: ignoring JPA class transformer
2025-12-02 08:02:36.573 [main] WARN  org.hibernate.orm.deprecation - traceId= - HHH90000025: H2Dialect does not need to be specified explicitly using 'hibernate.dialect' (remove the property setting and it will be selected by default)
2025-12-02 08:02:37.097 [main] INFO  o.h.e.t.j.p.i.JtaPlatformInitiator - traceId= - HHH000489: No JTA platform available (set 'hibernate.transaction.jta.platform' to enable JTA platform integration)
2025-12-02 08:02:37.138 [main] INFO  o.s.o.j.LocalContainerEntityManagerFactoryBean - traceId= - Initialized JPA EntityManagerFactory for persistence unit 'default'
2025-12-02 08:02:37.318 [main] INFO  o.s.d.j.r.query.QueryEnhancerFactory - traceId= - Hibernate is in classpath; If applicable, HQL parser will be used.
2025-12-02 08:02:37.588 [main] WARN  o.s.b.w.s.c.AnnotationConfigServletWebServerApplicationContext - traceId= - Exception encountered during context initialization - cancelling refresh attempt: org.springframework.beans.factory.UnsatisfiedDependencyException: Error creating bean with name 'authController' defined in file [/home/coders/IdeaProjects/hexagonalapp/target/classes/com/example/hexagonalapp/infrastructure/adapters/in/web/AuthController.class]: Unsatisfied dependency expressed through constructor parameter 0: No qualifying bean of type 'org.springframework.security.authentication.AuthenticationManager' available: expected at least 1 bean which qualifies as autowire candidate. Dependency annotations: {}
2025-12-02 08:02:37.588 [main] INFO  o.s.o.j.LocalContainerEntityManagerFactoryBean - traceId= - Closing JPA EntityManagerFactory for persistence unit 'default'
2025-12-02 08:02:37.590 [main] INFO  com.zaxxer.hikari.HikariDataSource - traceId= - HikariPool-1 - Shutdown initiated...
2025-12-02 08:02:37.591 [main] INFO  com.zaxxer.hikari.HikariDataSource - traceId= - HikariPool-1 - Shutdown completed.
2025-12-02 08:02:37.592 [main] INFO  o.a.catalina.core.StandardService - traceId= - Stopping service [Tomcat]
2025-12-02 08:02:37.601 [main] INFO  o.s.b.a.l.ConditionEvaluationReportLogger - traceId= - 

Error starting ApplicationContext. To display the condition evaluation report re-run your application with 'debug' enabled.
2025-12-02 08:02:37.613 [main] ERROR o.s.b.d.LoggingFailureAnalysisReporter - traceId= - 

***************************
APPLICATION FAILED TO START
***************************

Description:

Parameter 0 of constructor in com.example.hexagonalapp.infrastructure.adapters.in.web.AuthController required a bean of type 'org.springframework.security.authentication.AuthenticationManager' that could not be found.


Action:

Consider defining a bean of type 'org.springframework.security.authentication.AuthenticationManager' in your configuration.

2025-12-02 08:04:04.838 [background-preinit] INFO  o.h.validator.internal.util.Version - traceId= - HV000001: Hibernate Validator 8.0.1.Final
2025-12-02 08:04:04.864 [main] INFO  c.e.h.HexagonalappApplication - traceId= - Starting HexagonalappApplication using Java 17.0.17 with PID 11701 (/home/coders/IdeaProjects/hexagonalapp/target/classes started by coders in /home/coders/IdeaProjects/hexagonalapp)
2025-12-02 08:04:04.864 [main] DEBUG c.e.h.HexagonalappApplication - traceId= - Running with Spring Boot v3.1.6, Spring v6.0.14
2025-12-02 08:04:04.864 [main] INFO  c.e.h.HexagonalappApplication - traceId= - No active profile set, falling back to 1 default profile: "default"
2025-12-02 08:04:05.370 [main] INFO  o.s.d.r.c.RepositoryConfigurationDelegate - traceId= - Bootstrapping Spring Data JPA repositories in DEFAULT mode.
2025-12-02 08:04:05.411 [main] INFO  o.s.d.r.c.RepositoryConfigurationDelegate - traceId= - Finished Spring Data repository scanning in 36 ms. Found 1 JPA repository interface.
2025-12-02 08:04:05.763 [main] INFO  o.s.b.w.e.tomcat.TomcatWebServer - traceId= - Tomcat initialized with port(s): 8080 (http)
2025-12-02 08:04:05.768 [main] INFO  o.a.coyote.http11.Http11NioProtocol - traceId= - Initializing ProtocolHandler ["http-nio-8080"]
2025-12-02 08:04:05.769 [main] INFO  o.a.catalina.core.StandardService - traceId= - Starting service [Tomcat]
2025-12-02 08:04:05.770 [main] INFO  o.a.catalina.core.StandardEngine - traceId= - Starting Servlet engine: [Apache Tomcat/10.1.16]
2025-12-02 08:04:05.830 [main] INFO  o.a.c.c.C.[Tomcat].[localhost].[/] - traceId= - Initializing Spring embedded WebApplicationContext
2025-12-02 08:04:05.831 [main] INFO  o.s.b.w.s.c.ServletWebServerApplicationContext - traceId= - Root WebApplicationContext: initialization completed in 941 ms
2025-12-02 08:04:05.853 [main] INFO  com.zaxxer.hikari.HikariDataSource - traceId= - HikariPool-1 - Starting...
2025-12-02 08:04:05.969 [main] INFO  com.zaxxer.hikari.pool.HikariPool - traceId= - HikariPool-1 - Added connection conn0: url=jdbc:h2:mem:hexagonaldb user=SA
2025-12-02 08:04:05.970 [main] INFO  com.zaxxer.hikari.HikariDataSource - traceId= - HikariPool-1 - Start completed.
2025-12-02 08:04:05.979 [main] INFO  o.s.b.a.h.H2ConsoleAutoConfiguration - traceId= - H2 console available at '/h2-console'. Database available at 'jdbc:h2:mem:hexagonaldb'
2025-12-02 08:04:06.025 [main] DEBUG c.e.h.i.c.JwtAuthenticationFilter - traceId= - Filter 'jwtAuthenticationFilter' configured for use
2025-12-02 08:04:06.079 [main] INFO  o.h.jpa.internal.util.LogHelper - traceId= - HHH000204: Processing PersistenceUnitInfo [name: default]
2025-12-02 08:04:06.107 [main] INFO  org.hibernate.Version - traceId= - HHH000412: Hibernate ORM core version 6.2.13.Final
2025-12-02 08:04:06.109 [main] INFO  org.hibernate.cfg.Environment - traceId= - HHH000406: Using bytecode reflection optimizer
2025-12-02 08:04:06.255 [main] INFO  o.s.o.j.p.SpringPersistenceUnitInfo - traceId= - No LoadTimeWeaver setup: ignoring JPA class transformer
2025-12-02 08:04:06.279 [main] WARN  org.hibernate.orm.deprecation - traceId= - HHH90000025: H2Dialect does not need to be specified explicitly using 'hibernate.dialect' (remove the property setting and it will be selected by default)
2025-12-02 08:04:06.758 [main] INFO  o.h.e.t.j.p.i.JtaPlatformInitiator - traceId= - HHH000489: No JTA platform available (set 'hibernate.transaction.jta.platform' to enable JTA platform integration)
2025-12-02 08:04:06.795 [main] INFO  o.s.o.j.LocalContainerEntityManagerFactoryBean - traceId= - Initialized JPA EntityManagerFactory for persistence unit 'default'
2025-12-02 08:04:06.951 [main] INFO  o.s.d.j.r.query.QueryEnhancerFactory - traceId= - Hibernate is in classpath; If applicable, HQL parser will be used.
2025-12-02 08:04:07.213 [main] WARN  o.s.b.w.s.c.AnnotationConfigServletWebServerApplicationContext - traceId= - Exception encountered during context initialization - cancelling refresh attempt: org.springframework.beans.factory.UnsatisfiedDependencyException: Error creating bean with name 'authController' defined in file [/home/coders/IdeaProjects/hexagonalapp/target/classes/com/example/hexagonalapp/infrastructure/adapters/in/web/AuthController.class]: Unsatisfied dependency expressed through constructor parameter 0: Error creating bean with name 'securityConfig' defined in file [/home/coders/IdeaProjects/hexagonalapp/target/classes/com/example/hexagonalapp/infrastructure/config/SecurityConfig.class]: Unsatisfied dependency expressed through constructor parameter 0: No qualifying bean of type 'org.springframework.security.authentication.AuthenticationProvider' available: expected at least 1 bean which qualifies as autowire candidate. Dependency annotations: {}
2025-12-02 08:04:07.213 [main] INFO  o.s.o.j.LocalContainerEntityManagerFactoryBean - traceId= - Closing JPA EntityManagerFactory for persistence unit 'default'
2025-12-02 08:04:07.214 [main] INFO  com.zaxxer.hikari.HikariDataSource - traceId= - HikariPool-1 - Shutdown initiated...
2025-12-02 08:04:07.216 [main] INFO  com.zaxxer.hikari.HikariDataSource - traceId= - HikariPool-1 - Shutdown completed.
2025-12-02 08:04:07.217 [main] INFO  o.a.catalina.core.StandardService - traceId= - Stopping service [Tomcat]
2025-12-02 08:04:07.225 [main] INFO  o.s.b.a.l.ConditionEvaluationReportLogger - traceId= - 

Error starting ApplicationContext. To display the condition evaluation report re-run your application with 'debug' enabled.
2025-12-02 08:04:07.237 [main] ERROR o.s.b.d.LoggingFailureAnalysisReporter - traceId= - 

***************************
APPLICATION FAILED TO START
***************************

Description:

Parameter 0 of constructor in com.example.hexagonalapp.infrastructure.config.SecurityConfig required a bean of type 'org.springframework.security.authentication.AuthenticationProvider' that could not be found.


Action:

Consider defining a bean of type 'org.springframework.security.authentication.AuthenticationProvider' in your configuration.

2025-12-02 08:08:01.425 [background-preinit] INFO  o.h.validator.internal.util.Version - traceId= - HV000001: Hibernate Validator 8.0.1.Final
2025-12-02 08:08:01.451 [main] INFO  c.e.h.HexagonalappApplication - traceId= - Starting HexagonalappApplication using Java 17.0.17 with PID 11845 (/home/coders/IdeaProjects/hexagonalapp/target/classes started by coders in /home/coders/IdeaProjects/hexagonalapp)
2025-12-02 08:08:01.451 [main] DEBUG c.e.h.HexagonalappApplication - traceId= - Running with Spring Boot v3.1.6, Spring v6.0.14
2025-12-02 08:08:01.452 [main] INFO  c.e.h.HexagonalappApplication - traceId= - No active profile set, falling back to 1 default profile: "default"
2025-12-02 08:08:01.937 [main] INFO  o.s.d.r.c.RepositoryConfigurationDelegate - traceId= - Bootstrapping Spring Data JPA repositories in DEFAULT mode.
2025-12-02 08:08:01.985 [main] INFO  o.s.d.r.c.RepositoryConfigurationDelegate - traceId= - Finished Spring Data repository scanning in 43 ms. Found 1 JPA repository interface.
2025-12-02 08:08:02.346 [main] INFO  o.s.b.w.e.tomcat.TomcatWebServer - traceId= - Tomcat initialized with port(s): 8080 (http)
2025-12-02 08:08:02.351 [main] INFO  o.a.coyote.http11.Http11NioProtocol - traceId= - Initializing ProtocolHandler ["http-nio-8080"]
2025-12-02 08:08:02.353 [main] INFO  o.a.catalina.core.StandardService - traceId= - Starting service [Tomcat]
2025-12-02 08:08:02.353 [main] INFO  o.a.catalina.core.StandardEngine - traceId= - Starting Servlet engine: [Apache Tomcat/10.1.16]
2025-12-02 08:08:02.413 [main] INFO  o.a.c.c.C.[Tomcat].[localhost].[/] - traceId= - Initializing Spring embedded WebApplicationContext
2025-12-02 08:08:02.414 [main] INFO  o.s.b.w.s.c.ServletWebServerApplicationContext - traceId= - Root WebApplicationContext: initialization completed in 931 ms
2025-12-02 08:08:02.434 [main] INFO  com.zaxxer.hikari.HikariDataSource - traceId= - HikariPool-1 - Starting...
2025-12-02 08:08:02.555 [main] INFO  com.zaxxer.hikari.pool.HikariPool - traceId= - HikariPool-1 - Added connection conn0: url=jdbc:h2:mem:hexagonaldb user=SA
2025-12-02 08:08:02.557 [main] INFO  com.zaxxer.hikari.HikariDataSource - traceId= - HikariPool-1 - Start completed.
2025-12-02 08:08:02.566 [main] INFO  o.s.b.a.h.H2ConsoleAutoConfiguration - traceId= - H2 console available at '/h2-console'. Database available at 'jdbc:h2:mem:hexagonaldb'
2025-12-02 08:08:02.612 [main] DEBUG c.e.h.i.c.JwtAuthenticationFilter - traceId= - Filter 'jwtAuthenticationFilter' configured for use
2025-12-02 08:08:02.665 [main] INFO  o.h.jpa.internal.util.LogHelper - traceId= - HHH000204: Processing PersistenceUnitInfo [name: default]
2025-12-02 08:08:02.692 [main] INFO  org.hibernate.Version - traceId= - HHH000412: Hibernate ORM core version 6.2.13.Final
2025-12-02 08:08:02.693 [main] INFO  org.hibernate.cfg.Environment - traceId= - HHH000406: Using bytecode reflection optimizer
2025-12-02 08:08:02.833 [main] INFO  o.s.o.j.p.SpringPersistenceUnitInfo - traceId= - No LoadTimeWeaver setup: ignoring JPA class transformer
2025-12-02 08:08:02.856 [main] WARN  org.hibernate.orm.deprecation - traceId= - HHH90000025: H2Dialect does not need to be specified explicitly using 'hibernate.dialect' (remove the property setting and it will be selected by default)
2025-12-02 08:08:03.344 [main] INFO  o.h.e.t.j.p.i.JtaPlatformInitiator - traceId= - HHH000489: No JTA platform available (set 'hibernate.transaction.jta.platform' to enable JTA platform integration)
2025-12-02 08:08:03.380 [main] INFO  o.s.o.j.LocalContainerEntityManagerFactoryBean - traceId= - Initialized JPA EntityManagerFactory for persistence unit 'default'
2025-12-02 08:08:03.532 [main] INFO  o.s.d.j.r.query.QueryEnhancerFactory - traceId= - Hibernate is in classpath; If applicable, HQL parser will be used.
2025-12-02 08:08:03.873 [main] WARN  o.s.b.a.o.j.JpaBaseConfiguration$JpaWebConfiguration - traceId= - spring.jpa.open-in-view is enabled by default. Therefore, database queries may be performed during view rendering. Explicitly configure spring.jpa.open-in-view to disable this warning
2025-12-02 08:08:03.910 [main] WARN  o.s.b.w.s.c.AnnotationConfigServletWebServerApplicationContext - traceId= - Exception encountered during context initialization - cancelling refresh attempt: org.springframework.beans.factory.UnsatisfiedDependencyException: Error creating bean with name 'org.springframework.security.config.annotation.web.configuration.WebSecurityConfiguration': Unsatisfied dependency expressed through method 'setFilterChains' parameter 0: Error creating bean with name 'filterChain' defined in class path resource [com/example/hexagonalapp/infrastructure/config/SecurityConfig.class]: Failed to instantiate [org.springframework.security.web.SecurityFilterChain]: Factory method 'filterChain' threw exception with message: This method cannot decide whether these patterns are Spring MVC patterns or not. If this endpoint is a Spring MVC endpoint, please use requestMatchers(MvcRequestMatcher); otherwise, please use requestMatchers(AntPathRequestMatcher).

This is because there is more than one mappable servlet in your servlet context: {org.h2.server.web.JakartaWebServlet=[/h2-console/*], org.springframework.web.servlet.DispatcherServlet=[/]}.

For each MvcRequestMatcher, call MvcRequestMatcher#setServletPath to indicate the servlet path.
2025-12-02 08:08:03.911 [main] INFO  o.s.o.j.LocalContainerEntityManagerFactoryBean - traceId= - Closing JPA EntityManagerFactory for persistence unit 'default'
2025-12-02 08:08:03.912 [main] INFO  com.zaxxer.hikari.HikariDataSource - traceId= - HikariPool-1 - Shutdown initiated...
2025-12-02 08:08:03.913 [main] INFO  com.zaxxer.hikari.HikariDataSource - traceId= - HikariPool-1 - Shutdown completed.
2025-12-02 08:08:03.914 [main] INFO  o.a.catalina.core.StandardService - traceId= - Stopping service [Tomcat]
2025-12-02 08:08:03.926 [main] INFO  o.s.b.a.l.ConditionEvaluationReportLogger - traceId= - 

Error starting ApplicationContext. To display the condition evaluation report re-run your application with 'debug' enabled.
2025-12-02 08:08:03.935 [main] ERROR o.s.boot.SpringApplication - traceId= - Application run failed
org.springframework.beans.factory.UnsatisfiedDependencyException: Error creating bean with name 'org.springframework.security.config.annotation.web.configuration.WebSecurityConfiguration': Unsatisfied dependency expressed through method 'setFilterChains' parameter 0: Error creating bean with name 'filterChain' defined in class path resource [com/example/hexagonalapp/infrastructure/config/SecurityConfig.class]: Failed to instantiate [org.springframework.security.web.SecurityFilterChain]: Factory method 'filterChain' threw exception with message: This method cannot decide whether these patterns are Spring MVC patterns or not. If this endpoint is a Spring MVC endpoint, please use requestMatchers(MvcRequestMatcher); otherwise, please use requestMatchers(AntPathRequestMatcher).

This is because there is more than one mappable servlet in your servlet context: {org.h2.server.web.JakartaWebServlet=[/h2-console/*], org.springframework.web.servlet.DispatcherServlet=[/]}.

For each MvcRequestMatcher, call MvcRequestMatcher#setServletPath to indicate the servlet path.
	at org.springframework.beans.factory.annotation.AutowiredAnnotationBeanPostProcessor$AutowiredMethodElement.resolveMethodArguments(AutowiredAnnotationBeanPostProcessor.java:879)
	at org.springframework.beans.factory.annotation.AutowiredAnnotationBeanPostProcessor$AutowiredMethodElement.inject(AutowiredAnnotationBeanPostProcessor.java:832)
	at org.springframework.beans.factory.annotation.InjectionMetadata.inject(InjectionMetadata.java:145)
	at org.springframework.beans.factory.annotation.AutowiredAnnotationBeanPostProcessor.postProcessProperties(AutowiredAnnotationBeanPostProcessor.java:492)
	at org.springframework.beans.factory.support.AbstractAutowireCapableBeanFactory.populateBean(AbstractAutowireCapableBeanFactory.java:1416)
	at org.springframework.beans.factory.support.AbstractAutowireCapableBeanFactory.doCreateBean(AbstractAutowireCapableBeanFactory.java:597)
	at org.springframework.beans.factory.support.AbstractAutowireCapableBeanFactory.createBean(AbstractAutowireCapableBeanFactory.java:520)
	at org.springframework.beans.factory.support.AbstractBeanFactory.lambda$doGetBean$0(AbstractBeanFactory.java:325)
	at org.springframework.beans.factory.support.DefaultSingletonBeanRegistry.getSingleton(DefaultSingletonBeanRegistry.java:234)
	at org.springframework.beans.factory.support.AbstractBeanFactory.doGetBean(AbstractBeanFactory.java:323)
	at org.springframework.beans.factory.support.AbstractBeanFactory.getBean(AbstractBeanFactory.java:199)
	at org.springframework.beans.factory.support.DefaultListableBeanFactory.preInstantiateSingletons(DefaultListableBeanFactory.java:973)
	at org.springframework.context.support.AbstractApplicationContext.finishBeanFactoryInitialization(AbstractApplicationContext.java:950)
	at org.springframework.context.support.AbstractApplicationContext.refresh(AbstractApplicationContext.java:616)
	at org.springframework.boot.web.servlet.context.ServletWebServerApplicationContext.refresh(ServletWebServerApplicationContext.java:146)
	at org.springframework.boot.SpringApplication.refresh(SpringApplication.java:738)
	at org.springframework.boot.SpringApplication.refreshContext(SpringApplication.java:440)
	at org.springframework.boot.SpringApplication.run(SpringApplication.java:316)
	at org.springframework.boot.SpringApplication.run(SpringApplication.java:1306)
	at org.springframework.boot.SpringApplication.run(SpringApplication.java:1295)
	at com.example.hexagonalapp.HexagonalappApplication.main(HexagonalappApplication.java:10)
Caused by: org.springframework.beans.factory.BeanCreationException: Error creating bean with name 'filterChain' defined in class path resource [com/example/hexagonalapp/infrastructure/config/SecurityConfig.class]: Failed to instantiate [org.springframework.security.web.SecurityFilterChain]: Factory method 'filterChain' threw exception with message: This method cannot decide whether these patterns are Spring MVC patterns or not. If this endpoint is a Spring MVC endpoint, please use requestMatchers(MvcRequestMatcher); otherwise, please use requestMatchers(AntPathRequestMatcher).

This is because there is more than one mappable servlet in your servlet context: {org.h2.server.web.JakartaWebServlet=[/h2-console/*], org.springframework.web.servlet.DispatcherServlet=[/]}.

For each MvcRequestMatcher, call MvcRequestMatcher#setServletPath to indicate the servlet path.
	at org.springframework.beans.factory.support.ConstructorResolver.instantiate(ConstructorResolver.java:654)
	at org.springframework.beans.factory.support.ConstructorResolver.instantiateUsingFactoryMethod(ConstructorResolver.java:642)
	at org.springframework.beans.factory.support.AbstractAutowireCapableBeanFactory.instantiateUsingFactoryMethod(AbstractAutowireCapableBeanFactory.java:1332)
	at org.springframework.beans.factory.support.AbstractAutowireCapableBeanFactory.createBeanInstance(AbstractAutowireCapableBeanFactory.java:1162)
	at org.springframework.beans.factory.support.AbstractAutowireCapableBeanFactory.doCreateBean(AbstractAutowireCapableBeanFactory.java:560)
	at org.springframework.beans.factory.support.AbstractAutowireCapableBeanFactory.createBean(AbstractAutowireCapableBeanFactory.java:520)
	at org.springframework.beans.factory.support.AbstractBeanFactory.lambda$doGetBean$0(AbstractBeanFactory.java:325)
	at org.springframework.beans.factory.support.DefaultSingletonBeanRegistry.getSingleton(DefaultSingletonBeanRegistry.java:234)
	at org.springframework.beans.factory.support.AbstractBeanFactory.doGetBean(AbstractBeanFactory.java:323)
	at org.springframework.beans.factory.support.AbstractBeanFactory.getBean(AbstractBeanFactory.java:199)
	at org.springframework.beans.factory.config.DependencyDescriptor.resolveCandidate(DependencyDescriptor.java:254)
	at org.springframework.beans.factory.support.DefaultListableBeanFactory.addCandidateEntry(DefaultListableBeanFactory.java:1633)
	at org.springframework.beans.factory.support.DefaultListableBeanFactory.findAutowireCandidates(DefaultListableBeanFactory.java:1597)
	at org.springframework.beans.factory.support.DefaultListableBeanFactory.resolveMultipleBeans(DefaultListableBeanFactory.java:1488)
	at org.springframework.beans.factory.support.DefaultListableBeanFactory.doResolveDependency(DefaultListableBeanFactory.java:1375)
	at org.springframework.beans.factory.support.DefaultListableBeanFactory.resolveDependency(DefaultListableBeanFactory.java:1337)
	at org.springframework.beans.factory.annotation.AutowiredAnnotationBeanPostProcessor$AutowiredMethodElement.resolveMethodArguments(AutowiredAnnotationBeanPostProcessor.java:871)
	... 20 common frames omitted
Caused by: org.springframework.beans.BeanInstantiationException: Failed to instantiate [org.springframework.security.web.SecurityFilterChain]: Factory method 'filterChain' threw exception with message: This method cannot decide whether these patterns are Spring MVC patterns or not. If this endpoint is a Spring MVC endpoint, please use requestMatchers(MvcRequestMatcher); otherwise, please use requestMatchers(AntPathRequestMatcher).

This is because there is more than one mappable servlet in your servlet context: {org.h2.server.web.JakartaWebServlet=[/h2-console/*], org.springframework.web.servlet.DispatcherServlet=[/]}.

For each MvcRequestMatcher, call MvcRequestMatcher#setServletPath to indicate the servlet path.
	at org.springframework.beans.factory.support.SimpleInstantiationStrategy.instantiate(SimpleInstantiationStrategy.java:171)
	at org.springframework.beans.factory.support.ConstructorResolver.instantiate(ConstructorResolver.java:650)
	... 36 common frames omitted
Caused by: java.lang.IllegalArgumentException: This method cannot decide whether these patterns are Spring MVC patterns or not. If this endpoint is a Spring MVC endpoint, please use requestMatchers(MvcRequestMatcher); otherwise, please use requestMatchers(AntPathRequestMatcher).

This is because there is more than one mappable servlet in your servlet context: {org.h2.server.web.JakartaWebServlet=[/h2-console/*], org.springframework.web.servlet.DispatcherServlet=[/]}.

For each MvcRequestMatcher, call MvcRequestMatcher#setServletPath to indicate the servlet path.
	at org.springframework.security.config.annotation.web.AbstractRequestMatcherRegistry.requestMatchers(AbstractRequestMatcherRegistry.java:208)
	at org.springframework.security.config.annotation.web.AbstractRequestMatcherRegistry.requestMatchers(AbstractRequestMatcherRegistry.java:276)
	at com.example.hexagonalapp.infrastructure.config.SecurityConfig.lambda$filterChain$1(SecurityConfig.java:62)
	at org.springframework.security.config.annotation.web.builders.HttpSecurity.authorizeHttpRequests(HttpSecurity.java:1466)
	at com.example.hexagonalapp.infrastructure.config.SecurityConfig.filterChain(SecurityConfig.java:61)
	at com.example.hexagonalapp.infrastructure.config.SecurityConfig$$SpringCGLIB$$0.CGLIB$filterChain$2(<generated>)
	at com.example.hexagonalapp.infrastructure.config.SecurityConfig$$SpringCGLIB$$FastClass$$1.invoke(<generated>)
	at org.springframework.cglib.proxy.MethodProxy.invokeSuper(MethodProxy.java:258)
	at org.springframework.context.annotation.ConfigurationClassEnhancer$BeanMethodInterceptor.intercept(ConfigurationClassEnhancer.java:331)
	at com.example.hexagonalapp.infrastructure.config.SecurityConfig$$SpringCGLIB$$0.filterChain(<generated>)
	at java.base/jdk.internal.reflect.NativeMethodAccessorImpl.invoke0(Native Method)
	at java.base/jdk.internal.reflect.NativeMethodAccessorImpl.invoke(NativeMethodAccessorImpl.java:77)
	at java.base/jdk.internal.reflect.DelegatingMethodAccessorImpl.invoke(DelegatingMethodAccessorImpl.java:43)
	at java.base/java.lang.reflect.Method.invoke(Method.java:569)
	at org.springframework.beans.factory.support.SimpleInstantiationStrategy.instantiate(SimpleInstantiationStrategy.java:139)
	... 37 common frames omitted
2025-12-02 08:11:03.067 [background-preinit] INFO  o.h.validator.internal.util.Version - traceId= - HV000001: Hibernate Validator 8.0.1.Final
2025-12-02 08:11:03.095 [main] INFO  c.e.h.HexagonalappApplication - traceId= - Starting HexagonalappApplication using Java 17.0.17 with PID 11986 (/home/coders/IdeaProjects/hexagonalapp/target/classes started by coders in /home/coders/IdeaProjects/hexagonalapp)
2025-12-02 08:11:03.096 [main] DEBUG c.e.h.HexagonalappApplication - traceId= - Running with Spring Boot v3.1.6, Spring v6.0.14
2025-12-02 08:11:03.096 [main] INFO  c.e.h.HexagonalappApplication - traceId= - No active profile set, falling back to 1 default profile: "default"
2025-12-02 08:11:03.540 [main] INFO  o.s.d.r.c.RepositoryConfigurationDelegate - traceId= - Bootstrapping Spring Data JPA repositories in DEFAULT mode.
2025-12-02 08:11:03.581 [main] INFO  o.s.d.r.c.RepositoryConfigurationDelegate - traceId= - Finished Spring Data repository scanning in 36 ms. Found 1 JPA repository interface.
2025-12-02 08:11:03.934 [main] INFO  o.s.b.w.e.tomcat.TomcatWebServer - traceId= - Tomcat initialized with port(s): 8080 (http)
2025-12-02 08:11:03.939 [main] INFO  o.a.coyote.http11.Http11NioProtocol - traceId= - Initializing ProtocolHandler ["http-nio-8080"]
2025-12-02 08:11:03.941 [main] INFO  o.a.catalina.core.StandardService - traceId= - Starting service [Tomcat]
2025-12-02 08:11:03.941 [main] INFO  o.a.catalina.core.StandardEngine - traceId= - Starting Servlet engine: [Apache Tomcat/10.1.16]
2025-12-02 08:11:04.004 [main] INFO  o.a.c.c.C.[Tomcat].[localhost].[/] - traceId= - Initializing Spring embedded WebApplicationContext
2025-12-02 08:11:04.005 [main] INFO  o.s.b.w.s.c.ServletWebServerApplicationContext - traceId= - Root WebApplicationContext: initialization completed in 880 ms
2025-12-02 08:11:04.029 [main] INFO  com.zaxxer.hikari.HikariDataSource - traceId= - HikariPool-1 - Starting...
2025-12-02 08:11:04.136 [main] INFO  com.zaxxer.hikari.pool.HikariPool - traceId= - HikariPool-1 - Added connection conn0: url=jdbc:h2:mem:hexagonaldb user=SA
2025-12-02 08:11:04.137 [main] INFO  com.zaxxer.hikari.HikariDataSource - traceId= - HikariPool-1 - Start completed.
2025-12-02 08:11:04.147 [main] INFO  o.s.b.a.h.H2ConsoleAutoConfiguration - traceId= - H2 console available at '/h2-console'. Database available at 'jdbc:h2:mem:hexagonaldb'
2025-12-02 08:11:04.190 [main] DEBUG c.e.h.i.c.JwtAuthenticationFilter - traceId= - Filter 'jwtAuthenticationFilter' configured for use
2025-12-02 08:11:04.246 [main] INFO  o.h.jpa.internal.util.LogHelper - traceId= - HHH000204: Processing PersistenceUnitInfo [name: default]
2025-12-02 08:11:04.273 [main] INFO  org.hibernate.Version - traceId= - HHH000412: Hibernate ORM core version 6.2.13.Final
2025-12-02 08:11:04.275 [main] INFO  org.hibernate.cfg.Environment - traceId= - HHH000406: Using bytecode reflection optimizer
2025-12-02 08:11:04.417 [main] INFO  o.s.o.j.p.SpringPersistenceUnitInfo - traceId= - No LoadTimeWeaver setup: ignoring JPA class transformer
2025-12-02 08:11:04.442 [main] WARN  org.hibernate.orm.deprecation - traceId= - HHH90000025: H2Dialect does not need to be specified explicitly using 'hibernate.dialect' (remove the property setting and it will be selected by default)
2025-12-02 08:11:04.941 [main] INFO  o.h.e.t.j.p.i.JtaPlatformInitiator - traceId= - HHH000489: No JTA platform available (set 'hibernate.transaction.jta.platform' to enable JTA platform integration)
2025-12-02 08:11:04.981 [main] INFO  o.s.o.j.LocalContainerEntityManagerFactoryBean - traceId= - Initialized JPA EntityManagerFactory for persistence unit 'default'
2025-12-02 08:11:05.153 [main] INFO  o.s.d.j.r.query.QueryEnhancerFactory - traceId= - Hibernate is in classpath; If applicable, HQL parser will be used.
2025-12-02 08:11:05.507 [main] WARN  o.s.b.a.o.j.JpaBaseConfiguration$JpaWebConfiguration - traceId= - spring.jpa.open-in-view is enabled by default. Therefore, database queries may be performed during view rendering. Explicitly configure spring.jpa.open-in-view to disable this warning
2025-12-02 08:11:05.561 [main] INFO  o.s.s.web.DefaultSecurityFilterChain - traceId= - Will secure any request with [org.springframework.security.web.session.DisableEncodeUrlFilter@266b7d1, org.springframework.security.web.context.request.async.WebAsyncManagerIntegrationFilter@18f919ce, org.springframework.security.web.context.SecurityContextHolderFilter@9d455a6, org.springframework.security.web.header.HeaderWriterFilter@1631a614, org.springframework.security.web.authentication.logout.LogoutFilter@494c452b, com.example.hexagonalapp.infrastructure.config.JwtAuthenticationFilter@79d7035, org.springframework.security.web.savedrequest.RequestCacheAwareFilter@dcc7d1c, org.springframework.security.web.servletapi.SecurityContextHolderAwareRequestFilter@4f63219e, org.springframework.security.web.authentication.AnonymousAuthenticationFilter@4dea763c, org.springframework.security.web.access.ExceptionTranslationFilter@1e8fd198, org.springframework.security.web.access.intercept.AuthorizationFilter@6ddeeb78]
2025-12-02 08:11:05.811 [main] INFO  o.a.coyote.http11.Http11NioProtocol - traceId= - Starting ProtocolHandler ["http-nio-8080"]
2025-12-02 08:11:05.820 [main] INFO  o.s.b.w.e.tomcat.TomcatWebServer - traceId= - Tomcat started on port(s): 8080 (http) with context path ''
2025-12-02 08:11:05.827 [main] INFO  c.e.h.HexagonalappApplication - traceId= - Started HexagonalappApplication in 3.059 seconds (process running for 3.256)
2025-12-02 08:13:01.859 [http-nio-8080-exec-1] INFO  o.a.c.c.C.[Tomcat].[localhost].[/] - traceId= - Initializing Spring DispatcherServlet 'dispatcherServlet'
2025-12-02 08:13:01.859 [http-nio-8080-exec-1] INFO  o.s.web.servlet.DispatcherServlet - traceId= - Initializing Servlet 'dispatcherServlet'
2025-12-02 08:13:01.860 [http-nio-8080-exec-1] INFO  o.s.web.servlet.DispatcherServlet - traceId= - Completed initialization in 1 ms
